"estimate_monthly_usd","density","in_two_sided_tail"
-41.4,1.73736316379407e-06,TRUE
-41.3655,1.76691751150428e-06,TRUE
-41.331,1.79694933951614e-06,TRUE
-41.2965,1.82746591161834e-06,TRUE
-41.262,1.85847459438468e-06,TRUE
-41.2275,1.88998285850171e-06,TRUE
-41.193,1.92199828011157e-06,TRUE
-41.1585,1.9545285421701e-06,TRUE
-41.124,1.98758143582037e-06,TRUE
-41.0895,2.02116486178182e-06,TRUE
-41.055,2.05528683175518e-06,TRUE
-41.0205,2.08995546984317e-06,TRUE
-40.986,2.12517901398729e-06,TRUE
-40.9515,2.16096581742078e-06,TRUE
-40.917,2.19732435013785e-06,TRUE
-40.8825,2.23426320037953e-06,TRUE
-40.848,2.27179107613591e-06,TRUE
-40.8135,2.3099168066654e-06,TRUE
-40.779,2.34864934403073e-06,TRUE
-40.7445,2.38799776465215e-06,TRUE
-40.71,2.42797127087782e-06,TRUE
-40.6755,2.46857919257159e-06,TRUE
-40.641,2.50983098871835e-06,TRUE
-40.6065,2.55173624904706e-06,TRUE
-40.572,2.5943046956717e-06,TRUE
-40.5375,2.63754618475011e-06,TRUE
-40.503,2.68147070816126e-06,TRUE
-40.4685,2.72608839520055e-06,TRUE
-40.434,2.77140951429386e-06,TRUE
-40.3995,2.81744447473015e-06,TRUE
-40.365,2.86420382841298e-06,TRUE
-40.3305,2.91169827163088e-06,TRUE
-40.296,2.95993864684702e-06,TRUE
-40.2615,3.00893594450818e-06,TRUE
-40.227,3.05870130487309e-06,TRUE
-40.1925,3.10924601986063e-06,TRUE
-40.158,3.16058153491766e-06,TRUE
-40.1235,3.21271945090705e-06,TRUE
-40.089,3.26567152601563e-06,TRUE
-40.0545,3.3194496776827e-06,TRUE
-40.02,3.37406598454894e-06,TRUE
-39.9855,3.429532688426e-06,TRUE
-39.951,3.48586219628703e-06,TRUE
-39.9165,3.54306708227807e-06,TRUE
-39.882,3.60116008975082e-06,TRUE
-39.8475,3.66015413331669e-06,TRUE
-39.813,3.72006230092241e-06,TRUE
-39.7785,3.78089785594744e-06,TRUE
-39.744,3.84267423932316e-06,TRUE
-39.7095,3.90540507167425e-06,TRUE
-39.675,3.96910415548231e-06,TRUE
-39.6405,4.03378547727194e-06,TRUE
-39.606,4.09946320981934e-06,TRUE
-39.5715,4.16615171438397e-06,TRUE
-39.537,4.23386554296282e-06,TRUE
-39.5025,4.30261944056823e-06,TRUE
-39.468,4.3724283475288e-06,TRUE
-39.4335,4.44330740181395e-06,TRUE
-39.399,4.51527194138226e-06,TRUE
-39.3645,4.58833750655353e-06,TRUE
-39.33,4.66251984240513e-06,TRUE
-39.2955,4.7378349011925e-06,TRUE
-39.261,4.8142988447942e-06,TRUE
-39.2265,4.89192804718154e-06,TRUE
-39.192,4.97073909691317e-06,TRUE
-39.1575,5.0507487996545e-06,TRUE
-39.123,5.13197418072258e-06,TRUE
-39.0885,5.21443248765621e-06,TRUE
-39.054,5.29814119281173e-06,TRUE
-39.0195,5.38311799598459e-06,TRUE
-38.985,5.46938082705691e-06,TRUE
-38.9505,5.55694784867118e-06,TRUE
-38.916,5.64583745893043e-06,TRUE
-38.8815,5.73606829412475e-06,TRUE
-38.847,5.82765923148487e-06,TRUE
-38.8125,5.92062939196237e-06,TRUE
-38.778,6.01499814303725e-06,TRUE
-38.7435,6.11078510155275e-06,TRUE
-38.709,6.20801013657775e-06,TRUE
-38.6745,6.3066933722968e-06,TRUE
-38.64,6.40685519092825e-06,TRUE
-38.6055,6.50851623567025e-06,TRUE
-38.571,6.6116974136753e-06,TRUE
-38.5365,6.71641989905319e-06,TRUE
-38.502,6.82270513590267e-06,TRUE
-38.4675,6.930574841372e-06,TRUE
-38.433,7.04005100874876e-06,TRUE
-38.3985,7.15115591057868e-06,TRUE
-38.364,7.2639121018142e-06,TRUE
-38.3295,7.37834242299266e-06,TRUE
-38.295,7.49447000344437e-06,TRUE
-38.2605,7.61231826453086e-06,TRUE
-38.226,7.73191092291319e-06,TRUE
-38.1915,7.8532719938511e-06,TRUE
-38.157,7.97642579453248e-06,TRUE
-38.1225,8.10139694743409e-06,TRUE
-38.088,8.22821038371315e-06,TRUE
-38.0535,8.35689134663018e-06,TRUE
-38.019,8.48746539500353e-06,TRUE
-37.9845,8.61995840669537e-06,TRUE
-37.95,8.7543965821298e-06,TRUE
-37.9155,8.89080644784281e-06,TRUE
-37.881,9.02921486006479e-06,TRUE
-37.8465,9.16964900833521e-06,TRUE
-37.812,9.3121364191502e-06,TRUE
-37.7775,9.45670495964302e-06,TRUE
-37.743,9.60338284129745e-06,TRUE
-37.7085,9.75219862369468e-06,TRUE
-37.674,9.9031812182934e-06,TRUE
-37.6395,1.00563598922438e-05,TRUE
-37.605,1.02117642722354e-05,TRUE
-37.5705,1.03694243483787e-05,TRUE
-37.536,1.05293704781217e-05,TRUE
-37.5015,1.06916333901998e-05,TRUE
-37.467,1.08562441886219e-05,TRUE
-37.4325,1.10232343566899e-05,TRUE
-37.398,1.11926357610538e-05,TRUE
-37.3635,1.13644806558024e-05,TRUE
-37.329,1.15388016865892e-05,TRUE
-37.2945,1.17156318947934e-05,TRUE
-37.26,1.18950047217175e-05,TRUE
-37.2255,1.20769540128204e-05,TRUE
-37.191,1.22615140219873e-05,TRUE
-37.1565,1.24487194158352e-05,TRUE
-37.122,1.26386052780555e-05,TRUE
-37.0875,1.28312071137934e-05,TRUE
-37.053,1.30265608540641e-05,TRUE
-37.0185,1.32247028602061e-05,TRUE
-36.984,1.34256699283721e-05,TRUE
-36.9495,1.36294992940573e-05,TRUE
-36.915,1.38362286366654e-05,TRUE
-36.8805,1.40458960841123e-05,TRUE
-36.846,1.42585402174686e-05,TRUE
-36.8115,1.44742000756393e-05,TRUE
-36.777,1.4692915160083e-05,TRUE
-36.7425,1.49147254395691e-05,TRUE
-36.708,1.51396713549739e-05,TRUE
-36.6735,1.5367793824116e-05,TRUE
-36.639,1.55991342466305e-05,TRUE
-36.6045,1.58337345088825e-05,TRUE
-36.57,1.6071636988921e-05,TRUE
-36.5355,1.63128845614711e-05,TRUE
-36.501,1.65575206029672e-05,TRUE
-36.4665,1.68055889966256e-05,TRUE
-36.432,1.70571341375578e-05,TRUE
-36.3975,1.73122009379239e-05,TRUE
-36.363,1.75708348321261e-05,TRUE
-36.3285,1.78330817820443e-05,TRUE
-36.294,1.80989882823107e-05,TRUE
-36.2595,1.8368601365627e-05,TRUE
-36.225,1.86419686081221e-05,TRUE
-36.1905,1.89191381347511e-05,TRUE
-36.156,1.9200158624736e-05,TRUE
-36.1215,1.94850793170482e-05,TRUE
-36.087,1.97739500159326e-05,TRUE
-36.0525,2.00668210964735e-05,TRUE
-36.018,2.03637435102035e-05,TRUE
-35.9835,2.06647687907531e-05,TRUE
-35.949,2.09699490595445e-05,TRUE
-35.9145,2.12793370315266e-05,TRUE
-35.88,2.15929860209536e-05,TRUE
-35.8455,2.19109499472055e-05,TRUE
-35.811,2.22332833406531e-05,TRUE
-35.7765,2.25600413485642e-05,TRUE
-35.742,2.28912797410543e-05,TRUE
-35.7075,2.32270549170808e-05,TRUE
-35.673,2.35674239104797e-05,TRUE
-35.6385,2.39124443960471e-05,TRUE
-35.604,2.42621746956633e-05,TRUE
-35.5695,2.46166737844618e-05,TRUE
-35.535,2.4976001297042e-05,TRUE
-35.5005,2.5340217533725e-05,TRUE
-35.466,2.57093834668557e-05,TRUE
-35.4315,2.6083560747147e-05,TRUE
-35.397,2.64628117100702e-05,TRUE
-35.3625,2.68471993822887e-05,TRUE
-35.328,2.7236787488137e-05,TRUE
-35.2935,2.76316404561446e-05,TRUE
-35.259,2.8031823425604e-05,TRUE
-35.2245,2.84374022531845e-05,TRUE
-35.19,2.884844351959e-05,TRUE
-35.1555,2.92650145362634e-05,TRUE
-35.121,2.96871833521343e-05,TRUE
-35.0865,3.01150187604138e-05,TRUE
-35.052,3.05485903054333e-05,TRUE
-35.0175,3.09879682895295e-05,TRUE
-34.983,3.14332237799745e-05,TRUE
-34.9485,3.18844286159516e-05,TRUE
-34.914,3.23416554155767e-05,TRUE
-34.8795,3.28049775829656e-05,TRUE
-34.845,3.32744693153465e-05,TRUE
-34.8105,3.37502056102186e-05,TRUE
-34.776,3.42322622725567e-05,TRUE
-34.7415,3.47207159220614e-05,TRUE
-34.707,3.52156440004557e-05,TRUE
-34.6725,3.57171247788264e-05,TRUE
-34.638,3.62252373650127e-05,TRUE
-34.6035,3.67400617110405e-05,TRUE
-34.569,3.72616786206022e-05,TRUE
-34.5345,3.77901697565836e-05,TRUE
-34.5,3.83256176486353e-05,TRUE
-34.4655,3.88681057007918e-05,TRUE
-34.431,3.94177181991357e-05,TRUE
-34.3965,3.99745403195081e-05,TRUE
-34.362,4.05386581352659e-05,TRUE
-34.3275,4.11101586250836e-05,TRUE
-34.293,4.16891296808027e-05,TRUE
-34.2585,4.22756601153264e-05,TRUE
-34.224,4.28698396705605e-05,TRUE
-34.1895,4.34717590254e-05,TRUE
-34.155,4.40815098037623e-05,TRUE
-34.1205,4.46991845826657e-05,TRUE
-34.086,4.5324876900354e-05,TRUE
-34.0515,4.59586812644671e-05,TRUE
-34.017,4.66006931602574e-05,TRUE
-33.9825,4.72510090588513e-05,TRUE
-33.948,4.79097264255578e-05,TRUE
-33.9135,4.85769437282209e-05,TRUE
-33.879,4.92527604456187e-05,TRUE
-33.8445,4.99372770759077e-05,TRUE
-33.81,5.06305951451125e-05,TRUE
-33.7755,5.1332817215661e-05,TRUE
-33.741,5.20440468949634e-05,TRUE
-33.7065,5.27643888440388e-05,TRUE
-33.672,5.3493948786184e-05,TRUE
-33.6375,5.42328335156897e-05,TRUE
-33.603,5.49811509065994e-05,TRUE
-33.5685,5.5739009921514e-05,TRUE
-33.534,5.65065206204408e-05,TRUE
-33.4995,5.72837941696865e-05,TRUE
-33.465,5.80709428507941e-05,TRUE
-33.4305,5.88680800695259e-05,TRUE
-33.396,5.96753203648868e-05,TRUE
-33.3615,6.04927794181945e-05,TRUE
-33.327,6.1320574062192e-05,TRUE
-33.2925,6.21588222902034e-05,TRUE
-33.258,6.30076432653331e-05,TRUE
-33.2235,6.38671573297077e-05,TRUE
-33.189,6.47374860137621e-05,TRUE
-33.1545,6.56187520455656e-05,TRUE
-33.12,6.65110793601926e-05,TRUE
-33.0855,6.7414593109135e-05,TRUE
-33.051,6.83294196697558e-05,TRUE
-33.0165,6.92556866547855e-05,TRUE
-32.982,7.0193522921859e-05,TRUE
-32.9475,7.11430585830941e-05,TRUE
-32.913,7.21044250147113e-05,TRUE
-32.8785,7.30777548666936e-05,TRUE
-32.844,7.40631820724882e-05,TRUE
-32.8095,7.50608418587458e-05,TRUE
-32.775,7.60708707551025e-05,TRUE
-32.7405,7.70934066039997e-05,TRUE
-32.706,7.81285885705437e-05,TRUE
-32.6715,7.91765571524047e-05,TRUE
-32.637,8.02374541897532e-05,TRUE
-32.6025,8.1311422875236e-05,TRUE
-32.568,8.23986077639903e-05,TRUE
-32.5335,8.34991547836936e-05,TRUE
-32.499,8.46132112446547e-05,TRUE
-32.4645,8.57409258499353e-05,TRUE
-32.43,8.68824487055167e-05,TRUE
-32.3955,8.80379313304943e-05,TRUE
-32.361,8.9207526667314e-05,TRUE
-32.3265,9.03913890920407e-05,TRUE
-32.292,9.15896744246632e-05,TRUE
-32.2575,9.2802539939434e-05,TRUE
-32.223,9.40301443752417e-05,TRUE
-32.1885,9.5272647946019e-05,TRUE
-32.154,9.6530212351183e-05,TRUE
-32.1195,9.78030007861084e-05,TRUE
-32.085,9.90911779526346e-05,TRUE
-32.0505,0.000100394910069602,TRUE
-32.016,0.000101714364883422,TRUE
-31.9815,0.000103049711678677,TRUE
-31.947,0.000104401121288755,TRUE
-31.9125,0.000105768766106503,TRUE
-31.878,0.000107152820094925,TRUE
-31.8435,0.000108553458797898,TRUE
-31.809,0.00010997085935092,TRUE
-31.7745,0.000111405200491886,TRUE
-31.74,0.000112856662571892,TRUE
-31.7055,0.000114325427566066,TRUE
-31.671,0.000115811679084421,TRUE
-31.6365,0.000117315602382739,TRUE
-31.602,0.000118837384373481,TRUE
-31.5675,0.000120377213636713,TRUE
-31.533,0.000121935280431064,TRUE
-31.4985,0.000123511776704707,TRUE
-31.464,0.000125106896106357,TRUE
-31.4295,0.000126720833996294,TRUE
-31.395,0.000128353787457411,TRUE
-31.3605,0.000130005955306275,TRUE
-31.326,0.000131677538104218,TRUE
-31.2915,0.000133368738168433,TRUE
-31.257,0.000135079759583106,TRUE
-31.2225,0.000136810808210552,TRUE
-31.188,0.000138562091702373,TRUE
-31.1535,0.000140333819510636,TRUE
-31.119,0.000142126202899059,TRUE
-31.0845,0.000143939454954222,TRUE
-31.05,0.00014577379059678,TRUE
-31.0155,0.000147629426592702,TRUE
-30.981,0.000149506581564511,TRUE
-30.9465,0.000151405476002549,TRUE
-30.912,0.000153326332276237,TRUE
-30.8775,0.000155269374645361,TRUE
-30.843,0.000157234829271355,TRUE
-30.8085,0.000159222924228601,TRUE
-30.774,0.000161233889515735,TRUE
-30.7395,0.000163267957066952,TRUE
-30.705,0.000165325360763331,TRUE
-30.6705,0.000167406336444152,TRUE
-30.636,0.000169511121918227,TRUE
-30.6015,0.000171639956975227,TRUE
-30.567,0.000173793083397013,TRUE
-30.5325,0.000175970744968977,TRUE
-30.498,0.000178173187491367,TRUE
-30.4635,0.000180400658790628,TRUE
-30.429,0.000182653408730732,TRUE
-30.3945,0.000184931689224507,TRUE
-30.36,0.000187235754244965,TRUE
-30.3255,0.000189565859836625,TRUE
-30.291,0.000191922264126829,TRUE
-30.2565,0.000194305227337052,TRUE
-30.222,0.000196715011794204,TRUE
-30.1875,0.000199151881941929,TRUE
-30.153,0.000201616104351886,TRUE
-30.1185,0.000204107947735021,TRUE
-30.084,0.000206627682952835,TRUE
-30.0495,0.00020917558302863,TRUE
-30.015,0.000211751923158748,TRUE
-29.9805,0.000214356980723785,TRUE
-29.946,0.0002169910352998,TRUE
-29.9115,0.000219654368669503,TRUE
-29.877,0.000222347264833419,TRUE
-29.8425,0.00022507001002104,TRUE
-29.808,0.00022782289270195,TRUE
-29.7735,0.000230606203596934,TRUE
-29.739,0.000233420235689054,TRUE
-29.7045,0.000236265284234715,TRUE
-29.67,0.000239141646774688,TRUE
-29.6355,0.000242049623145121,TRUE
-29.601,0.000244989515488513,TRUE
-29.5665,0.000247961628264662,TRUE
-29.532,0.000250966268261575,TRUE
-29.4975,0.000254003744606364,TRUE
-29.463,0.000257074368776082,TRUE
-29.4285,0.00026017845460855,TRUE
-29.394,0.000263316318313129,TRUE
-29.3595,0.000266488278481463,TRUE
-29.325,0.000269694656098185,TRUE
-29.2905,0.000272935774551575,TRUE
-29.256,0.000276211959644187,TRUE
-29.2215,0.000279523539603419,TRUE
-29.187,0.000282870845092052,TRUE
-29.1525,0.000286254209218735,TRUE
-29.118,0.000289673967548427,TRUE
-29.0835,0.000293130458112787,TRUE
-29.049,0.000296624021420516,TRUE
-29.0145,0.000300155000467643,TRUE
-28.98,0.000303723740747765,TRUE
-28.9455,0.000307330590262229,TRUE
-28.911,0.000310975899530253,TRUE
-28.8765,0.000314660021598996,TRUE
-28.842,0.000318383312053565,TRUE
-28.8075,0.000322146129026963,TRUE
-28.773,0.000325948833209974,TRUE
-28.7385,0.000329791787860984,TRUE
-28.704,0.000333675358815733,TRUE
-28.6695,0.000337599914497006,TRUE
-28.635,0.000341565825924252,TRUE
-28.6005,0.00034557346672313,TRUE
-28.566,0.000349623213134991,TRUE
-28.5315,0.000353715444026275,TRUE
-28.497,0.000357850540897841,TRUE
-28.4625,0.000362028887894216,TRUE
-28.428,0.000366250871812769,TRUE
-28.3935,0.000370516882112803,TRUE
-28.359,0.000374827310924557,TRUE
-28.3245,0.00037918255305814,TRUE
-28.29,0.000383583006012365,TRUE
-28.2555,0.000388029069983503,TRUE
-28.221,0.000392521147873944,TRUE
-28.1865,0.000397059645300771,TRUE
-28.152,0.000401644970604242,TRUE
-28.1175,0.000406277534856168,TRUE
-28.083,0.000410957751868206,TRUE
-28.0485,0.00041568603820005,TRUE
-28.014,0.000420462813167521,TRUE
-27.9795,0.000425288498850554,TRUE
-27.945,0.000430163520101085,TRUE
-27.9105,0.00043508830455083,TRUE
-27.876,0.00044006328261896,TRUE
-27.8415,0.000445088887519659,TRUE
-27.807,0.000450165555269582,TRUE
-27.7725,0.000455293724695191,TRUE
-27.738,0.000460473837439977,TRUE
-27.7035,0.000465706337971573,TRUE
-27.669,0.000470991673588735,TRUE
-27.6345,0.00047633029442822,TRUE
-27.6,0.000481722653471522,TRUE
-27.5655,0.000487169206551496,TRUE
-27.531,0.00049267041235885,TRUE
-27.4965,0.000498226732448515,TRUE
-27.462,0.000503838631245876,TRUE
-27.4275,0.000509506576052873,TRUE
-27.393,0.000515231037053971,TRUE
-27.3585,0.000521012487321991,TRUE
-27.324,0.000526851402823798,TRUE
-27.2895,0.000532748262425859,TRUE
-27.255,0.000538703547899643,TRUE
-27.2205,0.000544717743926897,TRUE
-27.186,0.000550791338104748,TRUE
-27.1515,0.000556924820950685,TRUE
-27.117,0.000563118685907365,TRUE
-27.0825,0.000569373429347285,TRUE
-27.048,0.000575689550577284,TRUE
-27.0135,0.0005820675518429,TRUE
-26.979,0.000588507938332556,TRUE
-26.9445,0.000595011218181595,TRUE
-26.91,0.000601577902476141,TRUE
-26.8755,0.000608208505256807,TRUE
-26.841,0.000614903543522222,TRUE
-26.8065,0.000621663537232394,TRUE
-26.772,0.000628489009311899,TRUE
-26.7375,0.000635380485652901,TRUE
-26.703,0.000642338495117986,TRUE
-26.6685,0.000649363569542825,TRUE
-26.634,0.000656456243738652,TRUE
-26.5995,0.000663617055494559,TRUE
-26.565,0.000670846545579606,TRUE
-26.5305,0.000678145257744746,TRUE
-26.496,0.000685513738724557,TRUE
-26.4615,0.000692952538238779,TRUE
-26.427,0.000700462208993668,TRUE
-26.3925,0.000708043306683138,TRUE
-26.358,0.000715696389989716,TRUE
-26.3235,0.000723422020585293,TRUE
-26.289,0.000731220763131672,TRUE
-26.2545,0.000739093185280906,TRUE
-26.22,0.000747039857675432,TRUE
-26.1855,0.000755061353947997,TRUE
-26.151,0.000763158250721374,TRUE
-26.1165,0.000771331127607847,TRUE
-26.082,0.000779580567208508,TRUE
-26.0475,0.000787907155112303,TRUE
-26.013,0.000796311479894883,TRUE
-25.9785,0.000804794133117213,TRUE
-25.944,0.000813355709323973,TRUE
-25.9095,0.000821996806041712,TRUE
-25.875,0.000830718023776783,TRUE
-25.8405,0.000839519966013046,TRUE
-25.806,0.000848403239209328,TRUE
-25.7715,0.000857368452796661,TRUE
-25.737,0.000866416219175255,TRUE
-25.7025,0.000875547153711261,TRUE
-25.668,0.000884761874733263,TRUE
-25.6335,0.000894061003528539,TRUE
-25.599,0.000903445164339068,TRUE
-25.5645,0.000912914984357287,TRUE
-25.53,0.000922471093721599,TRUE
-25.4955,0.000932114125511615,TRUE
-25.461,0.000941844715743151,TRUE
-25.4265,0.000951663503362953,TRUE
-25.392,0.000961571130243176,TRUE
-25.3575,0.000971568241175577,TRUE
-25.323,0.000981655483865462,TRUE
-25.2885,0.000991833508925349,TRUE
-25.254,0.00100210296986837,TRUE
-25.2195,0.00101246452310139,TRUE
-25.185,0.00102291882791785,TRUE
-25.1505,0.00103346654649037,TRUE
-25.116,0.001044108343863,TRUE
-25.0815,0.00105484488794323,TRUE
-25.047,0.00106567684949374,TRUE
-25.0125,0.00107660490212382,TRUE
-24.978,0.00108762972228051,TRUE
-24.9435,0.00109875198923947,TRUE
-24.909,0.00110997238509554,TRUE
-24.8745,0.00112129159475299,TRUE
-24.84,0.0011327103059155,TRUE
-24.8055,0.00114422920907582,TRUE
-24.771,0.00115584899750517,TRUE
-24.7365,0.00116757036724223,TRUE
-24.702,0.00117939401708197,TRUE
-24.6675,0.00119132064856405,TRUE
-24.633,0.00120335096596095,TRUE
-24.5985,0.00121548567626584,TRUE
-24.564,0.00122772548918001,TRUE
-24.5295,0.00124007111710014,TRUE
-24.495,0.0012525232751051,TRUE
-24.4605,0.00126508268094254,TRUE
-24.426,0.00127775005501508,TRUE
-24.3915,0.00129052612036625,TRUE
-24.357,0.00130341160266601,TRUE
-24.3225,0.00131640723019602,TRUE
-24.288,0.00132951373383456,TRUE
-24.2535,0.00134273184704106,TRUE
-24.219,0.00135606230584036,TRUE
-24.1845,0.00136950584880663,TRUE
-24.15,0.00138306321704689,TRUE
-24.1155,0.00139673515418426,TRUE
-24.081,0.0014105224063408,TRUE
-24.0465,0.00142442572212007,TRUE
-24.012,0.00143844585258928,TRUE
-23.9775,0.00145258355126115,TRUE
-23.943,0.00146683957407535,TRUE
-23.9085,0.00148121467937966,TRUE
-23.874,0.0014957096279107,TRUE
-23.8395,0.0015103251827744,TRUE
-23.805,0.00152506210942596,TRUE
-23.7705,0.00153992117564964,TRUE
-23.736,0.00155490315153801,TRUE
-23.7015,0.00157000880947095,TRUE
-23.667,0.00158523892409425,TRUE
-23.6325,0.00160059427229782,TRUE
-23.598,0.00161607563319355,TRUE
-23.5635,0.0016316837880928,TRUE
-23.529,0.00164741952048354,TRUE
-23.4945,0.00166328361600704,TRUE
-23.46,0.00167927686243426,TRUE
-23.4255,0.00169540004964182,TRUE
-23.391,0.00171165396958764,TRUE
-23.3565,0.00172803941628611,TRUE
-23.322,0.00174455718578296,TRUE
-23.2875,0.0017612080761297,TRUE
-23.253,0.00177799288735771,TRUE
-23.2185,0.00179491242145191,TRUE
-23.184,0.00181196748232403,TRUE
-23.1495,0.00182915887578554,TRUE
-23.115,0.00184648740952016,TRUE
-23.0805,0.00186395389305595,TRUE
-23.046,0.00188155913773707,TRUE
-23.0115,0.00189930395669505,TRUE
-22.977,0.00191718916481978,TRUE
-22.9425,0.00193521557872999,TRUE
-22.908,0.00195338401674344,TRUE
-22.8735,0.00197169529884656,TRUE
-22.839,0.00199015024666386,TRUE
-22.8045,0.00200874968342682,TRUE
-22.77,0.00202749443394238,TRUE
-22.7355,0.00204638532456111,TRUE
-22.701,0.00206542318314488,TRUE
-22.6665,0.00208460883903415,TRUE
-22.632,0.00210394312301488,TRUE
-22.5975,0.00212342686728503,TRUE
-22.563,0.00214306090542056,TRUE
-22.5285,0.00216284607234116,TRUE
-22.494,0.00218278320427543,TRUE
-22.4595,0.00220287313872577,TRUE
-22.425,0.00222311671443276,TRUE
-22.3905,0.00224351477133916,TRUE
-22.356,0.0022640681505535,TRUE
-22.3215,0.00228477769431327,TRUE
-22.287,0.00230564424594762,TRUE
-22.2525,0.00232666864983976,TRUE
-22.218,0.00234785175138882,TRUE
-22.1835,0.00236919439697134,TRUE
-22.149,0.0023906974339024,TRUE
-22.1145,0.00241236171039621,TRUE
-22.08,0.0024341880755264,TRUE
-22.0455,0.00245617737918578,TRUE
-22.011,0.00247833047204577,TRUE
-21.9765,0.00250064820551534,TRUE
-21.942,0.00252313143169958,TRUE
-21.9075,0.00254578100335779,TRUE
-21.873,0.00256859777386123,TRUE
-21.8385,0.00259158259715034,TRUE
-21.804,0.00261473632769162,TRUE
-21.7695,0.00263805982043409,TRUE
-21.735,0.00266155393076521,TRUE
-21.7005,0.00268521951446656,TRUE
-21.666,0.00270905742766895,TRUE
-21.6315,0.00273306852680713,TRUE
-21.597,0.00275725366857416,TRUE
-21.5625,0.00278161370987526,TRUE
-21.528,0.00280614950778127,TRUE
-21.4935,0.00283086191948171,TRUE
-21.459,0.00285575180223741,TRUE
-21.4245,0.00288082001333264,TRUE
-21.39,0.00290606741002698,TRUE
-21.3555,0.00293149484950659,TRUE
-21.321,0.00295710318883516,TRUE
-21.2865,0.00298289328490448,TRUE
-21.252,0.00300886599438441,TRUE
-21.2175,0.00303502217367266,TRUE
-21.183,0.00306136267884398,TRUE
-21.1485,0.00308788836559899,TRUE
-21.114,0.00311460008921263,TRUE
-21.0795,0.00314149870448212,TRUE
-21.045,0.00316858506567454,TRUE
-21.0105,0.003195860026474,TRUE
-20.976,0.0032233244399284,TRUE
-20.9415,0.00325097915839574,TRUE
-20.907,0.00327882503349005,TRUE
-20.8725,0.00330686291602692,TRUE
-20.838,0.00333509365596857,TRUE
-20.8035,0.00336351810236853,TRUE
-20.769,0.00339213710331598,TRUE
-20.7345,0.00342095150587954,TRUE
-20.7,0.00344996215605081,TRUE
-20.6655,0.00347916989868738,TRUE
-20.631,0.00350857557745553,TRUE
-20.5965,0.00353818003477246,TRUE
-20.562,0.00356798411174817,TRUE
-20.5275,0.00359798864812688,TRUE
-20.493,0.00362819448222814,TRUE
-20.4585,0.00365860245088748,TRUE
-20.424,0.00368921338939665,TRUE
-20.3895,0.00372002813144355,TRUE
-20.355,0.00375104750905168,TRUE
-20.3205,0.00378227235251929,TRUE
-20.286,0.00381370349035802,TRUE
-20.2515,0.00384534174923133,TRUE
-20.217,0.00387718795389235,TRUE
-20.1825,0.00390924292712151,TRUE
-20.148,0.00394150748966372,TRUE
-20.1135,0.00397398246016517,TRUE
-20.079,0.00400666865510979,TRUE
-20.0445,0.00403956688875529,TRUE
-20.01,0.00407267797306889,TRUE
-20,0.00408231529374211,TRUE
-19.9755,0.00410600271766264,FALSE
-19.941,0.00413954192972838,FALSE
-19.9065,0.00417329641397237,FALSE
-19.872,0.00420726697254952,FALSE
-19.8375,0.00424145440499728,FALSE
-19.803,0.00427585950816919,FALSE
-19.7685,0.00431048307616807,FALSE
-19.734,0.00434532590027882,FALSE
-19.6995,0.00438038876890097,FALSE
-19.665,0.00441567246748079,FALSE
-19.6305,0.00445117777844313,FALSE
-19.596,0.00448690548112287,FALSE
-19.5615,0.00452285635169605,FALSE
-19.527,0.00455903116311073,FALSE
-19.4925,0.00459543068501744,FALSE
-19.458,0.00463205568369932,FALSE
-19.4235,0.00466890692200204,FALSE
-19.389,0.00470598515926321,FALSE
-19.3545,0.00474329115124169,FALSE
-19.32,0.00478082565004643,FALSE
-19.2855,0.00481858940406509,FALSE
-19.251,0.00485658315789233,FALSE
-19.2165,0.00489480765225776,FALSE
-19.182,0.00493326362395369,FALSE
-19.1475,0.00497195180576253,FALSE
-19.113,0.00501087292638386,FALSE
-19.0785,0.00505002771036129,FALSE
-19.044,0.00508941687800904,FALSE
-19.0095,0.00512904114533815,FALSE
-18.975,0.00516890122398256,FALSE
-18.9405,0.0052089978211248,FALSE
-18.906,0.00524933163942144,FALSE
-18.8715,0.00528990337692839,FALSE
-18.837,0.00533071372702577,FALSE
-18.8025,0.00537176337834268,FALSE
-18.768,0.00541305301468161,FALSE
-18.7335,0.0054545833149427,FALSE
-18.699,0.00549635495304774,FALSE
-18.6645,0.00553836859786386,FALSE
-18.63,0.00558062491312711,FALSE
-18.5955,0.00562312455736574,FALSE
-18.561,0.00566586818382328,FALSE
-18.5265,0.00570885644038141,FALSE
-18.492,0.00575208996948264,FALSE
-18.4575,0.00579556940805273,FALSE
-18.423,0.005839295387423,FALSE
-18.3885,0.00588326853325235,FALSE
-18.354,0.00592748946544917,FALSE
-18.3195,0.00597195879809301,FALSE
-18.285,0.00601667713935611,FALSE
-18.2505,0.00606164509142476,FALSE
-18.216,0.00610686325042044,FALSE
-18.1815,0.00615233220632087,FALSE
-18.147,0.00619805254288086,FALSE
-18.1125,0.00624402483755301,FALSE
-18.078,0.00629024966140828,FALSE
-18.0435,0.00633672757905642,FALSE
-18.009,0.00638345914856627,FALSE
-17.9745,0.00643044492138588,FALSE
-17.94,0.00647768544226261,FALSE
-17.9055,0.00652518124916301,FALSE
-17.871,0.00657293287319266,FALSE
-17.8365,0.00662094083851586,FALSE
-17.802,0.00666920566227527,FALSE
-17.7675,0.00671772785451139,FALSE
-17.733,0.00676650791808205,FALSE
-17.6985,0.00681554634858169,FALSE
-17.664,0.00686484363426072,FALSE
-17.6295,0.00691440025594467,FALSE
-17.595,0.00696421668695336,FALSE
-17.5605,0.00701429339302003,FALSE
-17.526,0.00706463083221035,FALSE
-17.4915,0.00711522945484142,FALSE
-17.457,0.00716608970340079,FALSE
-17.4225,0.00721721201246536,FALSE
-17.388,0.00726859680862034,FALSE
-17.3535,0.00732024451037811,FALSE
-17.319,0.00737215552809716,FALSE
-17.2845,0.00742433026390098,FALSE
-17.25,0.00747676911159694,FALSE
-17.2155,0.00752947245659524,FALSE
-17.181,0.0075824406758278,FALSE
-17.1465,0.00763567413766728,FALSE
-17.112,0.00768917320184602,FALSE
-17.0775,0.00774293821937509,FALSE
-17.043,0.00779696953246339,FALSE
-17.0085,0.00785126747443678,FALSE
-16.974,0.00790583236965725,FALSE
-16.9395,0.00796066453344221,FALSE
-16.905,0.00801576427198388,FALSE
-16.8705,0.0080711318822686,FALSE
-16.836,0.00812676765199648,FALSE
-16.8015,0.00818267185950092,FALSE
-16.767,0.00823884477366839,FALSE
-16.7325,0.00829528665385826,FALSE
-16.698,0.00835199774982273,FALSE
-16.6635,0.00840897830162694,FALSE
-16.629,0.00846622853956921,FALSE
-16.5945,0.00852374868410139,FALSE
-16.56,0.00858153894574936,FALSE
-16.5255,0.00863959952503375,FALSE
-16.491,0.00869793061239077,FALSE
-16.4565,0.00875653238809323,FALSE
-16.422,0.00881540502217176,FALSE
-16.3875,0.00887454867433619,FALSE
-16.353,0.00893396349389716,FALSE
-16.3185,0.00899364961968792,FALSE
-16.284,0.00905360717998635,FALSE
-16.2495,0.00911383629243721,FALSE
-16.215,0.00917433706397459,FALSE
-16.1805,0.00923510959074464,FALSE
-16.146,0.00929615395802854,FALSE
-16.1115,0.0093574702401657,FALSE
-16.077,0.00941905850047724,FALSE
-16.0425,0.00948091879118975,FALSE
-16.008,0.0095430511533593,FALSE
-15.9735,0.00960545561679581,FALSE
-15.939,0.0096681321999876,FALSE
-15.9045,0.00973108091002636,FALSE
-15.87,0.0097943017425324,FALSE
-15.8355,0.00985779468158013,FALSE
-15.801,0.00992155969962403,FALSE
-15.7665,0.00998559675742485,FALSE
-15.732,0.0100499058039762,FALSE
-15.6975,0.0101144867764313,FALSE
-15.663,0.0101793396000307,FALSE
-15.6285,0.0102444641880295,FALSE
-15.594,0.0103098604416256,FALSE
-15.5595,0.0103755282498881,FALSE
-15.525,0.0104414674896862,FALSE
-15.4905,0.0105076780256184,FALSE
-15.456,0.0105741597099421,FALSE
-15.4215,0.0106409123825037,FALSE
-15.387,0.0107079358706692,FALSE
-15.3525,0.0107752299892551,FALSE
-15.318,0.0108427945404598,FALSE
-15.2835,0.0109106293137954,FALSE
-15.249,0.01097873408602,FALSE
-15.2145,0.011047108621071,FALSE
-15.18,0.0111157526699976,FALSE
-15.1455,0.0111846659708951,FALSE
-15.111,0.011253848248839,FALSE
-15.0765,0.01132329921582,FALSE
-15.042,0.0113930185706791,FALSE
-15.0075,0.0114630059990434,FALSE
-14.973,0.0115332611732627,FALSE
-14.9385,0.0116037837523462,FALSE
-14.904,0.0116745733819004,FALSE
-14.8695,0.0117456296940665,FALSE
-14.835,0.0118169523074593,FALSE
-14.8005,0.0118885408271068,FALSE
-14.766,0.0119603948443893,FALSE
-14.7315,0.0120325139369802,FALSE
-14.697,0.0121048976687868,FALSE
-14.6625,0.0121775455898921,FALSE
-14.628,0.0122504572364968,FALSE
-14.5935,0.0123236321308622,FALSE
-14.559,0.0123970697812539,FALSE
-14.5245,0.0124707696818856,FALSE
-14.49,0.0125447313128641,FALSE
-14.4555,0.0126189541401349,FALSE
-14.421,0.0126934376154281,FALSE
-14.3865,0.0127681811762052,FALSE
-14.352,0.0128431842456068,FALSE
-14.3175,0.0129184462324008,FALSE
-14.283,0.0129939665309312,FALSE
-14.2485,0.0130697445210679,FALSE
-14.214,0.0131457795681569,FALSE
-14.1795,0.0132220710229714,FALSE
-14.145,0.0132986182216639,FALSE
-14.1105,0.0133754204857186,FALSE
-14.076,0.0134524771219047,FALSE
-14.0415,0.0135297874222306,FALSE
-14.007,0.0136073506638989,FALSE
-13.9725,0.0136851661092621,FALSE
-13.938,0.0137632330057785,FALSE
-13.9035,0.0138415505859706,FALSE
-13.869,0.0139201180673822,FALSE
-13.8345,0.0139989346525375,FALSE
-13.8,0.0140779995289013,FALSE
-13.7655,0.014157311868839,FALSE
-13.731,0.0142368708295786,FALSE
-13.6965,0.0143166755531721,FALSE
-13.662,0.0143967251664596,FALSE
-13.6275,0.0144770187810324,FALSE
-13.593,0.0145575554931987,FALSE
-13.5585,0.0146383343839485,FALSE
-13.524,0.0147193545189208,FALSE
-13.4895,0.0148006149483709,FALSE
-13.455,0.0148821147071389,FALSE
-13.4205,0.0149638528146189,FALSE
-13.386,0.0150458282747295,FALSE
-13.3515,0.0151280400758847,FALSE
-13.317,0.0152104871909662,FALSE
-13.2825,0.0152931685772966,FALSE
-13.248,0.0153760831766129,FALSE
-13.2135,0.0154592299150421,FALSE
-13.179,0.0155426077030768,FALSE
-13.1445,0.0156262154355519,FALSE
-13.11,0.0157100519916231,FALSE
-13.0755,0.0157941162347452,FALSE
-13.041,0.0158784070126521,FALSE
-13.0065,0.015962923157338,FALSE
-12.972,0.0160476634850387,FALSE
-12.9375,0.016132626796215,FALSE
-12.903,0.0162178118755364,FALSE
-12.8685,0.016303217491866,FALSE
-12.834,0.0163888423982465,FALSE
-12.7995,0.0164746853318873,FALSE
-12.765,0.0165607450141524,FALSE
-12.7305,0.0166470201505497,FALSE
-12.696,0.016733509430721,FALSE
-12.6615,0.0168202115284335,FALSE
-12.627,0.0169071251015715,FALSE
-12.5925,0.0169942487921308,FALSE
-12.558,0.0170815812262123,FALSE
-12.5235,0.017169121014018,FALSE
-12.489,0.0172568667498474,FALSE
-12.4545,0.0173448170120956,FALSE
-12.42,0.0174329703632521,FALSE
-12.3855,0.0175213253499006,FALSE
-12.351,0.0176098805027202,FALSE
-12.3165,0.0176986343364879,FALSE
-12.282,0.0177875853500816,FALSE
-12.2475,0.0178767320264849,FALSE
-12.213,0.0179660728327927,FALSE
-12.1785,0.0180556062202178,FALSE
-12.144,0.0181453306240993,FALSE
-12.1095,0.0182352444639113,FALSE
-12.075,0.0183253461432734,FALSE
-12.0405,0.018415634049962,FALSE
-12.006,0.0185061065559233,FALSE
-11.9715,0.0185967620172866,FALSE
-11.937,0.0186875987743796,FALSE
-11.9025,0.0187786151517447,FALSE
-11.868,0.0188698094581558,FALSE
-11.8335,0.0189611799866375,FALSE
-11.799,0.0190527250144847,FALSE
-11.7645,0.0191444428032833,FALSE
-11.73,0.0192363315989326,FALSE
-11.6955,0.0193283896316686,FALSE
-11.661,0.0194206151160889,FALSE
-11.6265,0.019513006251178,FALSE
-11.592,0.0196055612203348,FALSE
-11.5575,0.0196982781914006,FALSE
-11.523,0.0197911553166889,FALSE
-11.4885,0.0198841907330158,FALSE
-11.454,0.0199773825617322,FALSE
-11.4195,0.020070728908757,FALSE
-11.385,0.0201642278646115,FALSE
-11.3505,0.0202578775044553,FALSE
-11.316,0.0203516758881228,FALSE
-11.2815,0.020445621060162,FALSE
-11.247,0.0205397110498735,FALSE
-11.2125,0.0206339438713516,FALSE
-11.178,0.020728317523526,FALSE
-11.1435,0.0208228299902051,FALSE
-11.109,0.0209174792401206,FALSE
-11.0745,0.0210122632269732,FALSE
-11.04,0.0211071798894797,FALSE
-11.0055,0.0212022271514212,FALSE
-10.971,0.0212974029216929,FALSE
-10.9365,0.0213927050943547,FALSE
-10.902,0.0214881315486835,FALSE
-10.8675,0.0215836801492265,FALSE
-10.833,0.021679348745856,FALSE
-10.7985,0.0217751351738253,FALSE
-10.764,0.0218710372538258,FALSE
-10.7295,0.0219670527920458,FALSE
-10.695,0.02206317958023,FALSE
-10.6605,0.0221594153957408,FALSE
-10.626,0.0222557580016207,FALSE
-10.5915,0.0223522051466556,FALSE
-10.557,0.02244875456544,FALSE
-10.5225,0.0225454039784433,FALSE
-10.488,0.022642151092077,FALSE
-10.4535,0.0227389935987636,FALSE
-10.419,0.0228359291770066,FALSE
-10.3845,0.022932955491462,FALSE
-10.35,0.0230300701930108,FALSE
-10.3155,0.0231272709188328,FALSE
-10.281,0.0232245552924818,FALSE
-10.2465,0.0233219209239621,FALSE
-10.212,0.0234193654098065,FALSE
-10.1775,0.0235168863331546,FALSE
-10.143,0.0236144812638337,FALSE
-10.1085,0.0237121477584401,FALSE
-10.074,0.0238098833604219,FALSE
-10.0395,0.0239076856001634,FALSE
-10.005,0.0240055519950697,FALSE
-9.9705,0.0241034800496543,FALSE
-9.936,0.0242014672556262,FALSE
-9.9015,0.0242995110919794,FALSE
-9.867,0.0243976090250832,FALSE
-9.8325,0.0244957585087741,FALSE
-9.798,0.0245939569844482,FALSE
-9.7635,0.024692201881156,FALSE
-9.729,0.0247904906156972,FALSE
-9.6945,0.0248888205927179,FALSE
-9.66,0.0249871892048079,FALSE
-9.6255,0.0250855938326006,FALSE
-9.591,0.0251840318448728,FALSE
-9.5565,0.0252825005986461,FALSE
-9.522,0.0253809974392907,FALSE
-9.4875,0.0254795197006285,FALSE
-9.453,0.0255780647050385,FALSE
-9.4185,0.025676629763564,FALSE
-9.384,0.0257752121760195,FALSE
-9.3495,0.0258738092311,FALSE
-9.315,0.0259724182064908,FALSE
-9.2805,0.0260710363689794,FALSE
-9.246,0.0261696609745675,FALSE
-9.2115,0.0262682892685846,FALSE
-9.177,0.0263669184858033,FALSE
-9.14250000000001,0.0264655458505552,FALSE
-9.108,0.0265641685768478,FALSE
-9.0735,0.0266627838684833,FALSE
-9.039,0.0267613889191781,FALSE
-9.0045,0.0268599809126832,FALSE
-8.97,0.0269585570229062,FALSE
-8.9355,0.0270571144140346,FALSE
-8.901,0.0271556502406594,FALSE
-8.8665,0.0272541616479009,FALSE
-8.832,0.0273526457715345,FALSE
-8.7975,0.0274510997381187,FALSE
-8.76300000000001,0.0275495206651236,FALSE
-8.7285,0.0276479056610605,FALSE
-8.694,0.0277462518256127,FALSE
-8.6595,0.0278445562497676,FALSE
-8.625,0.0279428160159494,FALSE
-8.59050000000001,0.0280410281981535,FALSE
-8.556,0.0281391898620814,FALSE
-8.5215,0.0282372980652769,FALSE
-8.487,0.0283353498572635,FALSE
-8.4525,0.0284333422796825,FALSE
-8.418,0.0285312723664325,FALSE
-8.38350000000001,0.0286291371438095,FALSE
-8.349,0.0287269336306487,FALSE
-8.3145,0.0288246588384665,FALSE
-8.28,0.0289223097716038,FALSE
-8.2455,0.0290198834273709,FALSE
-8.21100000000001,0.0291173767961924,FALSE
-8.1765,0.0292147868617537,FALSE
-8.142,0.0293121106011484,FALSE
-8.1075,0.0294093449850264,FALSE
-8.073,0.0295064869777432,FALSE
-8.0385,0.0296035335375101,FALSE
-8.004,0.0297004816165452,FALSE
-7.9695,0.0297973281612255,FALSE
-7.935,0.0298940701122396,FALSE
-7.9005,0.0299907044047418,FALSE
-7.866,0.0300872279685068,FALSE
-7.83150000000001,0.030183637728085,FALSE
-7.797,0.0302799306029591,FALSE
-7.7625,0.0303761035077016,FALSE
-7.728,0.0304721533521327,FALSE
-7.6935,0.0305680770414794,FALSE
-7.65900000000001,0.0306638714765356,FALSE
-7.6245,0.030759533553822,FALSE
-7.59,0.0308550601657486,FALSE
-7.5555,0.030950448200776,FALSE
-7.521,0.0310456945435789,FALSE
-7.4865,0.0311407960752099,FALSE
-7.45200000000001,0.0312357496732639,FALSE
-7.4175,0.0313305522120437,FALSE
-7.383,0.0314252005627255,FALSE
-7.3485,0.0315196915935264,FALSE
-7.314,0.0316140221698711,FALSE
-7.27950000000001,0.0317081891545608,FALSE
-7.245,0.0318021894079417,FALSE
-7.2105,0.0318960197880745,FALSE
-7.176,0.0319896771509049,FALSE
-7.1415,0.0320831583504342,FALSE
-7.107,0.0321764602388909,FALSE
-7.07250000000001,0.032269579666903,FALSE
-7.038,0.0323625134836706,FALSE
-7.0035,0.0324552585371391,FALSE
-6.969,0.0325478116741734,FALSE
-6.9345,0.0326401697407324,FALSE
-6.90000000000001,0.032732329582044,FALSE
-6.8655,0.0328242880427806,FALSE
-6.831,0.0329160419672356,FALSE
-6.7965,0.0330075881994999,FALSE
-6.762,0.0330989235836389,FALSE
-6.7275,0.0331900449638705,FALSE
-6.693,0.0332809491847434,FALSE
-6.6585,0.0333716330913151,FALSE
-6.624,0.0334620935293318,FALSE
-6.5895,0.0335523273454074,FALSE
-6.555,0.0336423313872037,FALSE
-6.52050000000001,0.0337321025036106,FALSE
-6.486,0.033821637544927,FALSE
-6.4515,0.0339109333630423,FALSE
-6.417,0.033999986811617,FALSE
-6.3825,0.0340887947462658,FALSE
-6.34800000000001,0.0341773540247388,FALSE
-6.3135,0.0342656615071047,FALSE
-6.279,0.0343537140559333,FALSE
-6.2445,0.034441508536479,FALSE
-6.21,0.0345290418168639,FALSE
-6.1755,0.0346163107682618,FALSE
-6.14100000000001,0.034703312265082,FALSE
-6.1065,0.0347900431851536,FALSE
-6.072,0.03487650040991,FALSE
-6.0375,0.0349626808245734,FALSE
-6.003,0.0350485813183396,FALSE
-5.96850000000001,0.0351341987845632,FALSE
-5.934,0.0352195301209427,FALSE
-5.8995,0.0353045722297059,FALSE
-5.865,0.0353893220177951,FALSE
-5.8305,0.035473776397053,FALSE
-5.796,0.0355579322844081,FALSE
-5.76150000000001,0.0356417866020607,FALSE
-5.727,0.0357253362776688,FALSE
-5.6925,0.0358085782445334,FALSE
-5.658,0.0358915094417852,FALSE
-5.6235,0.0359741268145701,FALSE
-5.58900000000001,0.0360564273142352,FALSE
-5.5545,0.0361384078985151,FALSE
-5.52,0.0362200655317173,FALSE
-5.4855,0.0363013971849085,FALSE
-5.451,0.0363823998361002,FALSE
-5.41650000000001,0.0364630704704346,FALSE
-5.38200000000001,0.0365434060803703,FALSE
-5.3475,0.0366234036658679,FALSE
-5.313,0.0367030602345753,FALSE
-5.2785,0.0367823728020132,FALSE
-5.244,0.03686133839176,FALSE
-5.20950000000001,0.0369399540356374,FALSE
-5.175,0.0370182167738946,FALSE
-5.1405,0.0370961236553934,FALSE
-5.106,0.0371736717377921,FALSE
-5.0715,0.0372508580877303,FALSE
-5.03700000000001,0.0373276797810126,FALSE
-5.0025,0.0374041339027919,FALSE
-4.968,0.0374802175477536,FALSE
-4.9335,0.037555927820298,FALSE
-4.899,0.0376312618347232,FALSE
-4.8645,0.0377062167154083,FALSE
-4.83000000000001,0.0377807895969943,FALSE
-4.7955,0.0378549776245672,FALSE
-4.761,0.0379287779538383,FALSE
-4.7265,0.0380021877513258,FALSE
-4.692,0.0380752041945354,FALSE
-4.65750000000001,0.0381478244721402,FALSE
-4.623,0.0382200457841607,FALSE
-4.5885,0.038291865342144,FALSE
-4.554,0.0383632803693424,FALSE
-4.5195,0.0384342881008923,FALSE
-4.485,0.0385048857839914,FALSE
-4.45050000000001,0.0385750706780764,FALSE
-4.416,0.0386448400549997,FALSE
-4.3815,0.0387141911992054,FALSE
-4.347,0.0387831214079054,FALSE
-4.3125,0.0388516279912541,FALSE
-4.27800000000001,0.0389197082725229,FALSE
-4.2435,0.0389873595882745,FALSE
-4.209,0.0390545792885355,FALSE
-4.1745,0.0391213647369695,FALSE
-4.14,0.0391877133110487,FALSE
-4.10550000000001,0.0392536224022254,FALSE
-4.07100000000001,0.0393190894161025,FALSE
-4.0365,0.0393841117726032,FALSE
-4.002,0.0394486869061403,FALSE
-3.9675,0.0395128122657845,FALSE
-3.933,0.0395764853154322,FALSE
-3.89850000000001,0.0396397035339721,FALSE
-3.864,0.0397024644154515,FALSE
-3.8295,0.0397647654692416,FALSE
-3.795,0.0398266042202017,FALSE
-3.7605,0.0398879782088432,FALSE
-3.72600000000001,0.0399488849914922,FALSE
-3.6915,0.0400093221404514,FALSE
-3.657,0.0400692872441611,FALSE
-3.6225,0.0401287779073597,FALSE
-3.588,0.0401877917512426,FALSE
-3.5535,0.0402463264136208,FALSE
-3.51900000000001,0.0403043795490778,FALSE
-3.4845,0.040361948829127,FALSE
-3.45,0.0404190319423662,FALSE
-3.4155,0.0404756265946326,FALSE
-3.381,0.0405317305091564,FALSE
-3.34650000000001,0.040587341426713,FALSE
-3.312,0.0406424571057748,FALSE
-3.2775,0.0406970753226614,FALSE
-3.243,0.040751193871689,FALSE
-3.2085,0.040804810565319,FALSE
-3.17400000000001,0.0408579232343051,FALSE
-3.13950000000001,0.0409105297278394,FALSE
-3.105,0.0409626279136976,FALSE
-3.0705,0.0410142156783826,FALSE
-3.036,0.0410652909272679,FALSE
-3.0015,0.0411158515847388,FALSE
-2.96700000000001,0.0411658955943329,FALSE
-2.9325,0.0412154209188798,FALSE
-2.898,0.041264425540639,FALSE
-2.8635,0.0413129074614364,FALSE
-2.829,0.0413608647028011,FALSE
-2.79450000000001,0.0414082953060988,FALSE
-2.76000000000001,0.0414551973326657,FALSE
-2.7255,0.0415015688639403,FALSE
-2.691,0.0415474080015943,FALSE
-2.6565,0.0415927128676618,FALSE
-2.622,0.0416374816046678,FALSE
-2.58750000000001,0.0416817123757548,FALSE
-2.553,0.0417254033648087,FALSE
-2.5185,0.0417685527765825,FALSE
-2.484,0.0418111588368199,FALSE
-2.4495,0.0418532197923763,FALSE
-2.41500000000001,0.0418947339113392,FALSE
-2.3805,0.0419356994831473,FALSE
-2.346,0.0419761148187074,FALSE
-2.3115,0.0420159782505108,FALSE
-2.277,0.0420552881327479,FALSE
-2.2425,0.0420940428414214,FALSE
-2.20800000000001,0.0421322407744581,FALSE
-2.1735,0.0421698803518192,FALSE
-2.139,0.0422069600156093,FALSE
-2.1045,0.042243478230184,FALSE
-2.07,0.0422794334822554,FALSE
-2.03550000000001,0.042314824280997,FALSE
-2.001,0.0423496491581469,FALSE
-1.9665,0.0423839066681085,FALSE
-1.932,0.0424175953880516,FALSE
-1.8975,0.0424507139180098,FALSE
-1.86300000000001,0.0424832608809783,FALSE
-1.82850000000001,0.0425152349230089,FALSE
-1.794,0.0425466347133039,FALSE
-1.7595,0.0425774589443084,FALSE
-1.725,0.0426077063318013,FALSE
-1.6905,0.042637375614984,FALSE
-1.65600000000001,0.0426664655565684,FALSE
-1.6215,0.0426949749428626,FALSE
-1.587,0.0427229025838557,FALSE
-1.5525,0.0427502473133001,FALSE
-1.518,0.0427770079887928,FALSE
-1.48350000000001,0.0428031834918552,FALSE
-1.44900000000001,0.0428287727280108,FALSE
-1.4145,0.0428537746268614,FALSE
-1.38,0.0428781881421618,FALSE
-1.3455,0.0429020122518931,FALSE
-1.311,0.0429252459583333,FALSE
-1.27650000000001,0.0429478882881274,FALSE
-1.242,0.0429699382923556,FALSE
-1.2075,0.0429913950465989,FALSE
-1.173,0.0430122576510042,FALSE
-1.1385,0.0430325252303471,FALSE
-1.10400000000001,0.0430521969340931,FALSE
-1.06950000000001,0.0430712719364568,FALSE
-1.035,0.0430897494364601,FALSE
-1.0005,0.0431076286579881,FALSE
-0.966000000000001,0.0431249088498434,FALSE
-0.931500000000007,0.0431415892857984,FALSE
-0.897000000000006,0.0431576692646469,FALSE
-0.862500000000004,0.0431731481102526,FALSE
-0.828000000000003,0.0431880251715966,FALSE
-0.793500000000002,0.0432022998228232,FALSE
-0.759,0.0432159714632837,FALSE
-0.724500000000006,0.0432290395175785,FALSE
-0.690000000000005,0.0432415034355975,FALSE
-0.655500000000004,0.0432533626925587,FALSE
-0.621000000000002,0.043264616789045,FALSE
-0.586500000000001,0.0432752652510392,FALSE
-0.552000000000007,0.0432853076299573,FALSE
-0.517500000000005,0.0432947435026801,FALSE
-0.483000000000004,0.0433035724715828,FALSE
-0.448500000000003,0.043311794164563,FALSE
-0.414000000000001,0.0433194082350668,FALSE
-0.3795,0.0433264143621131,FALSE
-0.345000000000006,0.0433328122503162,FALSE
-0.310500000000005,0.0433386016299067,FALSE
-0.276000000000003,0.04334378225675,FALSE
-0.241500000000002,0.043348353912364,FALSE
-0.207000000000001,0.0433523164039343,FALSE
-0.172500000000007,0.0433556695643275,FALSE
-0.138000000000005,0.0433584132521032,FALSE
-0.103500000000004,0.0433605473515239,FALSE
-0.0690000000000026,0.043362071772563,FALSE
-0.0345000000000013,0.0433629864509114,FALSE
0,0.0433632913479818,FALSE
0.0344999999999942,0.0433629864509114,FALSE
0.0689999999999955,0.043362071772563,FALSE
0.103499999999997,0.0433605473515239,FALSE
0.137999999999998,0.0433584132521032,FALSE
0.172499999999999,0.0433556695643275,FALSE
0.206999999999994,0.0433523164039343,FALSE
0.241499999999995,0.043348353912364,FALSE
0.275999999999996,0.04334378225675,FALSE
0.310499999999998,0.0433386016299067,FALSE
0.344999999999999,0.0433328122503162,FALSE
0.379499999999993,0.0433264143621131,FALSE
0.413999999999994,0.0433194082350668,FALSE
0.448499999999996,0.043311794164563,FALSE
0.482999999999997,0.0433035724715828,FALSE
0.517499999999998,0.0432947435026801,FALSE
0.552,0.0432853076299573,FALSE
0.586499999999994,0.0432752652510392,FALSE
0.620999999999995,0.043264616789045,FALSE
0.655499999999996,0.0432533626925587,FALSE
0.689999999999998,0.0432415034355975,FALSE
0.724499999999999,0.0432290395175785,FALSE
0.758999999999993,0.0432159714632837,FALSE
0.793499999999995,0.0432022998228232,FALSE
0.827999999999996,0.0431880251715966,FALSE
0.862499999999997,0.0431731481102526,FALSE
0.896999999999998,0.0431576692646469,FALSE
0.9315,0.0431415892857984,FALSE
0.965999999999994,0.0431249088498434,FALSE
1.0005,0.0431076286579881,FALSE
1.035,0.0430897494364601,FALSE
1.0695,0.0430712719364568,FALSE
1.104,0.0430521969340931,FALSE
1.13849999999999,0.0430325252303471,FALSE
1.17299999999999,0.0430122576510042,FALSE
1.2075,0.0429913950465989,FALSE
1.242,0.0429699382923556,FALSE
1.2765,0.0429478882881274,FALSE
1.311,0.0429252459583333,FALSE
1.34549999999999,0.0429020122518931,FALSE
1.38,0.0428781881421618,FALSE
1.4145,0.0428537746268614,FALSE
1.449,0.0428287727280108,FALSE
1.4835,0.0428031834918552,FALSE
1.51799999999999,0.0427770079887928,FALSE
1.55249999999999,0.0427502473133001,FALSE
1.587,0.0427229025838557,FALSE
1.6215,0.0426949749428626,FALSE
1.656,0.0426664655565684,FALSE
1.69049999999999,0.042637375614984,FALSE
1.72499999999999,0.0426077063318013,FALSE
1.7595,0.0425774589443084,FALSE
1.794,0.0425466347133039,FALSE
1.8285,0.0425152349230089,FALSE
1.863,0.0424832608809783,FALSE
1.89749999999999,0.0424507139180098,FALSE
1.932,0.0424175953880516,FALSE
1.9665,0.0423839066681085,FALSE
2.001,0.0423496491581469,FALSE
2.0355,0.042314824280997,FALSE
2.06999999999999,0.0422794334822554,FALSE
2.10449999999999,0.042243478230184,FALSE
2.139,0.0422069600156093,FALSE
2.1735,0.0421698803518192,FALSE
2.208,0.0421322407744581,FALSE
2.2425,0.0420940428414214,FALSE
2.27699999999999,0.0420552881327479,FALSE
2.3115,0.0420159782505108,FALSE
2.346,0.0419761148187074,FALSE
2.3805,0.0419356994831473,FALSE
2.415,0.0418947339113393,FALSE
2.44949999999999,0.0418532197923763,FALSE
2.48399999999999,0.0418111588368199,FALSE
2.5185,0.0417685527765825,FALSE
2.553,0.0417254033648087,FALSE
2.5875,0.0416817123757549,FALSE
2.62199999999999,0.0416374816046678,FALSE
2.65649999999999,0.0415927128676618,FALSE
2.691,0.0415474080015943,FALSE
2.7255,0.0415015688639403,FALSE
2.76,0.0414551973326657,FALSE
2.7945,0.0414082953060988,FALSE
2.82899999999999,0.0413608647028011,FALSE
2.86349999999999,0.0413129074614365,FALSE
2.898,0.041264425540639,FALSE
2.9325,0.0412154209188799,FALSE
2.967,0.0411658955943329,FALSE
3.00149999999999,0.0411158515847388,FALSE
3.03599999999999,0.0410652909272679,FALSE
3.0705,0.0410142156783826,FALSE
3.105,0.0409626279136976,FALSE
3.1395,0.0409105297278395,FALSE
3.174,0.0408579232343052,FALSE
3.20849999999999,0.040804810565319,FALSE
3.24299999999999,0.040751193871689,FALSE
3.2775,0.0406970753226614,FALSE
3.312,0.0406424571057748,FALSE
3.3465,0.040587341426713,FALSE
3.38099999999999,0.0405317305091564,FALSE
3.41549999999999,0.0404756265946326,FALSE
3.45,0.0404190319423662,FALSE
3.4845,0.040361948829127,FALSE
3.519,0.0403043795490779,FALSE
3.5535,0.0402463264136208,FALSE
3.58799999999999,0.0401877917512427,FALSE
3.6225,0.0401287779073597,FALSE
3.657,0.0400692872441611,FALSE
3.6915,0.0400093221404514,FALSE
3.726,0.0399488849914922,FALSE
3.76049999999999,0.0398879782088433,FALSE
3.79499999999999,0.0398266042202017,FALSE
3.8295,0.0397647654692416,FALSE
3.864,0.0397024644154515,FALSE
3.8985,0.0396397035339721,FALSE
3.93299999999999,0.0395764853154322,FALSE
3.96749999999999,0.0395128122657845,FALSE
4.002,0.0394486869061403,FALSE
4.0365,0.0393841117726032,FALSE
4.071,0.0393190894161025,FALSE
4.1055,0.0392536224022254,FALSE
4.13999999999999,0.0391877133110487,FALSE
4.17449999999999,0.0391213647369695,FALSE
4.209,0.0390545792885355,FALSE
4.2435,0.0389873595882745,FALSE
4.278,0.0389197082725229,FALSE
4.31249999999999,0.0388516279912541,FALSE
4.34699999999999,0.0387831214079054,FALSE
4.3815,0.0387141911992054,FALSE
4.416,0.0386448400549997,FALSE
4.4505,0.0385750706780764,FALSE
4.485,0.0385048857839914,FALSE
4.51949999999999,0.0384342881008923,FALSE
4.55399999999999,0.0383632803693424,FALSE
4.5885,0.038291865342144,FALSE
4.623,0.0382200457841607,FALSE
4.6575,0.0381478244721402,FALSE
4.69199999999999,0.0380752041945354,FALSE
4.72649999999999,0.0380021877513258,FALSE
4.761,0.0379287779538383,FALSE
4.7955,0.0378549776245672,FALSE
4.83,0.0377807895969944,FALSE
4.86449999999999,0.0377062167154083,FALSE
4.89899999999999,0.0376312618347233,FALSE
4.9335,0.037555927820298,FALSE
4.968,0.0374802175477536,FALSE
5.0025,0.037404133902792,FALSE
5.037,0.0373276797810126,FALSE
5.07149999999999,0.0372508580877304,FALSE
5.10599999999999,0.0371736717377921,FALSE
5.1405,0.0370961236553934,FALSE
5.175,0.0370182167738946,FALSE
5.2095,0.0369399540356374,FALSE
5.24399999999999,0.03686133839176,FALSE
5.27849999999999,0.0367823728020132,FALSE
5.313,0.0367030602345753,FALSE
5.3475,0.036623403665868,FALSE
5.382,0.0365434060803704,FALSE
5.4165,0.0364630704704346,FALSE
5.45099999999999,0.0363823998361002,FALSE
5.48549999999999,0.0363013971849085,FALSE
5.52,0.0362200655317174,FALSE
5.5545,0.0361384078985151,FALSE
5.589,0.0360564273142353,FALSE
5.62349999999999,0.0359741268145701,FALSE
5.65799999999999,0.0358915094417852,FALSE
5.6925,0.0358085782445334,FALSE
5.727,0.0357253362776688,FALSE
5.7615,0.0356417866020608,FALSE
5.796,0.0355579322844081,FALSE
5.83049999999999,0.035473776397053,FALSE
5.86499999999999,0.0353893220177951,FALSE
5.8995,0.0353045722297059,FALSE
5.934,0.0352195301209427,FALSE
5.9685,0.0351341987845632,FALSE
6.00299999999999,0.0350485813183396,FALSE
6.03749999999999,0.0349626808245734,FALSE
6.072,0.0348765004099101,FALSE
6.1065,0.0347900431851537,FALSE
6.141,0.034703312265082,FALSE
6.17549999999999,0.0346163107682618,FALSE
6.20999999999999,0.034529041816864,FALSE
6.2445,0.0344415085364791,FALSE
6.279,0.0343537140559334,FALSE
6.3135,0.0342656615071047,FALSE
6.348,0.0341773540247388,FALSE
6.38249999999999,0.0340887947462658,FALSE
6.41699999999999,0.0339999868116171,FALSE
6.4515,0.0339109333630423,FALSE
6.486,0.0338216375449271,FALSE
6.5205,0.0337321025036106,FALSE
6.55499999999999,0.0336423313872037,FALSE
6.58949999999999,0.0335523273454075,FALSE
6.624,0.0334620935293319,FALSE
6.6585,0.0333716330913151,FALSE
6.693,0.0332809491847434,FALSE
6.7275,0.0331900449638705,FALSE
6.76199999999999,0.0330989235836389,FALSE
6.79649999999999,0.0330075881994999,FALSE
6.831,0.0329160419672356,FALSE
6.8655,0.0328242880427806,FALSE
6.9,0.032732329582044,FALSE
6.93449999999999,0.0326401697407324,FALSE
6.96899999999999,0.0325478116741734,FALSE
7.0035,0.0324552585371391,FALSE
7.038,0.0323625134836706,FALSE
7.0725,0.0322695796669031,FALSE
7.10699999999999,0.0321764602388909,FALSE
7.14149999999999,0.0320831583504342,FALSE
7.17599999999999,0.0319896771509049,FALSE
7.2105,0.0318960197880745,FALSE
7.245,0.0318021894079417,FALSE
7.2795,0.0317081891545608,FALSE
7.31399999999999,0.0316140221698711,FALSE
7.34849999999999,0.0315196915935264,FALSE
7.383,0.0314252005627256,FALSE
7.4175,0.0313305522120437,FALSE
7.452,0.031235749673264,FALSE
7.48649999999999,0.0311407960752099,FALSE
7.52099999999999,0.0310456945435789,FALSE
7.55549999999999,0.030950448200776,FALSE
7.59,0.0308550601657486,FALSE
7.6245,0.0307595335538221,FALSE
7.659,0.0306638714765356,FALSE
7.69349999999999,0.0305680770414795,FALSE
7.72799999999999,0.0304721533521327,FALSE
7.7625,0.0303761035077016,FALSE
7.797,0.0302799306029591,FALSE
7.8315,0.030183637728085,FALSE
7.86599999999999,0.0300872279685068,FALSE
7.90049999999999,0.0299907044047419,FALSE
7.935,0.0298940701122396,FALSE
7.9695,0.0297973281612255,FALSE
8.004,0.0297004816165453,FALSE
8.0385,0.0296035335375101,FALSE
8.07299999999999,0.0295064869777433,FALSE
8.10749999999999,0.0294093449850264,FALSE
8.142,0.0293121106011484,FALSE
8.1765,0.0292147868617537,FALSE
8.211,0.0291173767961924,FALSE
8.24549999999999,0.0290198834273709,FALSE
8.27999999999999,0.0289223097716038,FALSE
8.3145,0.0288246588384665,FALSE
8.349,0.0287269336306488,FALSE
8.3835,0.0286291371438096,FALSE
8.41799999999999,0.0285312723664325,FALSE
8.45249999999999,0.0284333422796825,FALSE
8.48699999999999,0.0283353498572635,FALSE
8.5215,0.0282372980652769,FALSE
8.556,0.0281391898620814,FALSE
8.5905,0.0280410281981535,FALSE
8.62499999999999,0.0279428160159494,FALSE
8.65949999999999,0.0278445562497676,FALSE
8.694,0.0277462518256128,FALSE
8.7285,0.0276479056610606,FALSE
8.763,0.0275495206651237,FALSE
8.79749999999999,0.0274510997381187,FALSE
8.83199999999999,0.0273526457715345,FALSE
8.86649999999999,0.0272541616479009,FALSE
8.901,0.0271556502406594,FALSE
8.9355,0.0270571144140346,FALSE
8.97,0.0269585570229062,FALSE
9.00449999999999,0.0268599809126832,FALSE
9.03899999999999,0.0267613889191781,FALSE
9.0735,0.0266627838684833,FALSE
9.108,0.0265641685768478,FALSE
9.1425,0.0264655458505552,FALSE
9.17699999999999,0.0263669184858033,FALSE
9.21149999999999,0.0262682892685846,FALSE
9.246,0.0261696609745675,FALSE
9.2805,0.0260710363689795,FALSE
9.315,0.0259724182064908,FALSE
9.34949999999999,0.0258738092311,FALSE
9.38399999999999,0.0257752121760195,FALSE
9.41849999999999,0.0256766297635641,FALSE
9.453,0.0255780647050385,FALSE
9.4875,0.0254795197006285,FALSE
9.522,0.0253809974392907,FALSE
9.55649999999999,0.0252825005986462,FALSE
9.59099999999999,0.0251840318448728,FALSE
9.6255,0.0250855938326007,FALSE
9.66,0.024987189204808,FALSE
9.6945,0.0248888205927179,FALSE
9.72899999999999,0.0247904906156973,FALSE
9.76349999999999,0.024692201881156,FALSE
9.79799999999999,0.0245939569844483,FALSE
9.8325,0.0244957585087741,FALSE
9.867,0.0243976090250833,FALSE
9.9015,0.0242995110919794,FALSE
9.93599999999999,0.0242014672556262,FALSE
9.97049999999999,0.0241034800496544,FALSE
10.005,0.0240055519950698,FALSE
10.0395,0.0239076856001634,FALSE
10.074,0.023809883360422,FALSE
10.1085,0.0237121477584401,FALSE
10.143,0.0236144812638337,FALSE
10.1775,0.0235168863331546,FALSE
10.212,0.0234193654098065,FALSE
10.2465,0.0233219209239622,FALSE
10.281,0.0232245552924818,FALSE
10.3155,0.0231272709188328,FALSE
10.35,0.0230300701930108,FALSE
10.3845,0.022932955491462,FALSE
10.419,0.0228359291770066,FALSE
10.4535,0.0227389935987636,FALSE
10.488,0.022642151092077,FALSE
10.5225,0.0225454039784433,FALSE
10.557,0.02244875456544,FALSE
10.5915,0.0223522051466556,FALSE
10.626,0.0222557580016207,FALSE
10.6605,0.0221594153957408,FALSE
10.695,0.02206317958023,FALSE
10.7295,0.0219670527920458,FALSE
10.764,0.0218710372538258,FALSE
10.7985,0.0217751351738253,FALSE
10.833,0.021679348745856,FALSE
10.8675,0.0215836801492266,FALSE
10.902,0.0214881315486835,FALSE
10.9365,0.0213927050943547,FALSE
10.971,0.0212974029216929,FALSE
11.0055,0.0212022271514212,FALSE
11.04,0.0211071798894797,FALSE
11.0745,0.0210122632269732,FALSE
11.109,0.0209174792401206,FALSE
11.1435,0.0208228299902051,FALSE
11.178,0.020728317523526,FALSE
11.2125,0.0206339438713516,FALSE
11.247,0.0205397110498735,FALSE
11.2815,0.020445621060162,FALSE
11.316,0.0203516758881228,FALSE
11.3505,0.0202578775044553,FALSE
11.385,0.0201642278646115,FALSE
11.4195,0.020070728908757,FALSE
11.454,0.0199773825617322,FALSE
11.4885,0.0198841907330158,FALSE
11.523,0.0197911553166889,FALSE
11.5575,0.0196982781914007,FALSE
11.592,0.0196055612203348,FALSE
11.6265,0.0195130062511781,FALSE
11.661,0.0194206151160889,FALSE
11.6955,0.0193283896316687,FALSE
11.73,0.0192363315989326,FALSE
11.7645,0.0191444428032833,FALSE
11.799,0.0190527250144847,FALSE
11.8335,0.0189611799866375,FALSE
11.868,0.0188698094581558,FALSE
11.9025,0.0187786151517447,FALSE
11.937,0.0186875987743797,FALSE
11.9715,0.0185967620172866,FALSE
12.006,0.0185061065559233,FALSE
12.0405,0.0184156340499621,FALSE
12.075,0.0183253461432734,FALSE
12.1095,0.0182352444639113,FALSE
12.144,0.0181453306240993,FALSE
12.1785,0.0180556062202179,FALSE
12.213,0.0179660728327927,FALSE
12.2475,0.0178767320264849,FALSE
12.282,0.0177875853500816,FALSE
12.3165,0.0176986343364879,FALSE
12.351,0.0176098805027203,FALSE
12.3855,0.0175213253499006,FALSE
12.42,0.0174329703632521,FALSE
12.4545,0.0173448170120956,FALSE
12.489,0.0172568667498474,FALSE
12.5235,0.017169121014018,FALSE
12.558,0.0170815812262123,FALSE
12.5925,0.0169942487921309,FALSE
12.627,0.0169071251015715,FALSE
12.6615,0.0168202115284335,FALSE
12.696,0.0167335094307211,FALSE
12.7305,0.0166470201505498,FALSE
12.765,0.0165607450141525,FALSE
12.7995,0.0164746853318873,FALSE
12.834,0.0163888423982465,FALSE
12.8685,0.016303217491866,FALSE
12.903,0.0162178118755364,FALSE
12.9375,0.016132626796215,FALSE
12.972,0.0160476634850387,FALSE
13.0065,0.015962923157338,FALSE
13.041,0.0158784070126521,FALSE
13.0755,0.0157941162347452,FALSE
13.11,0.0157100519916232,FALSE
13.1445,0.015626215435552,FALSE
13.179,0.0155426077030768,FALSE
13.2135,0.0154592299150421,FALSE
13.248,0.0153760831766129,FALSE
13.2825,0.0152931685772966,FALSE
13.317,0.0152104871909662,FALSE
13.3515,0.0151280400758847,FALSE
13.386,0.0150458282747295,FALSE
13.4205,0.0149638528146189,FALSE
13.455,0.0148821147071389,FALSE
13.4895,0.0148006149483709,FALSE
13.524,0.0147193545189208,FALSE
13.5585,0.0146383343839485,FALSE
13.593,0.0145575554931987,FALSE
13.6275,0.0144770187810324,FALSE
13.662,0.0143967251664596,FALSE
13.6965,0.0143166755531721,FALSE
13.731,0.0142368708295786,FALSE
13.7655,0.0141573118688391,FALSE
13.8,0.0140779995289013,FALSE
13.8345,0.0139989346525375,FALSE
13.869,0.0139201180673822,FALSE
13.9035,0.0138415505859707,FALSE
13.938,0.0137632330057786,FALSE
13.9725,0.0136851661092621,FALSE
14.007,0.013607350663899,FALSE
14.0415,0.0135297874222306,FALSE
14.076,0.0134524771219047,FALSE
14.1105,0.0133754204857186,FALSE
14.145,0.0132986182216639,FALSE
14.1795,0.0132220710229714,FALSE
14.214,0.0131457795681569,FALSE
14.2485,0.0130697445210679,FALSE
14.283,0.0129939665309312,FALSE
14.3175,0.0129184462324008,FALSE
14.352,0.0128431842456068,FALSE
14.3865,0.0127681811762052,FALSE
14.421,0.0126934376154281,FALSE
14.4555,0.0126189541401349,FALSE
14.49,0.0125447313128641,FALSE
14.5245,0.0124707696818856,FALSE
14.559,0.0123970697812539,FALSE
14.5935,0.0123236321308622,FALSE
14.628,0.0122504572364968,FALSE
14.6625,0.0121775455898921,FALSE
14.697,0.0121048976687868,FALSE
14.7315,0.0120325139369802,FALSE
14.766,0.0119603948443893,FALSE
14.8005,0.0118885408271068,FALSE
14.835,0.0118169523074593,FALSE
14.8695,0.0117456296940665,FALSE
14.904,0.0116745733819004,FALSE
14.9385,0.0116037837523463,FALSE
14.973,0.0115332611732627,FALSE
15.0075,0.0114630059990434,FALSE
15.042,0.0113930185706791,FALSE
15.0765,0.01132329921582,FALSE
15.111,0.011253848248839,FALSE
15.1455,0.0111846659708951,FALSE
15.18,0.0111157526699976,FALSE
15.2145,0.011047108621071,FALSE
15.249,0.0109787340860201,FALSE
15.2835,0.0109106293137954,FALSE
15.318,0.0108427945404598,FALSE
15.3525,0.0107752299892551,FALSE
15.387,0.0107079358706693,FALSE
15.4215,0.0106409123825037,FALSE
15.456,0.0105741597099421,FALSE
15.4905,0.0105076780256184,FALSE
15.525,0.0104414674896863,FALSE
15.5595,0.0103755282498881,FALSE
15.594,0.0103098604416256,FALSE
15.6285,0.0102444641880295,FALSE
15.663,0.0101793396000307,FALSE
15.6975,0.0101144867764313,FALSE
15.732,0.0100499058039762,FALSE
15.7665,0.00998559675742486,FALSE
15.801,0.00992155969962404,FALSE
15.8355,0.00985779468158014,FALSE
15.87,0.00979430174253241,FALSE
15.9045,0.00973108091002639,FALSE
15.939,0.00966813219998762,FALSE
15.9735,0.00960545561679582,FALSE
16.008,0.00954305115335932,FALSE
16.0425,0.00948091879118976,FALSE
16.077,0.00941905850047725,FALSE
16.1115,0.00935747024016572,FALSE
16.146,0.00929615395802855,FALSE
16.1805,0.00923510959074465,FALSE
16.215,0.00917433706397459,FALSE
16.2495,0.00911383629243721,FALSE
16.284,0.00905360717998637,FALSE
16.3185,0.00899364961968793,FALSE
16.353,0.00893396349389717,FALSE
16.3875,0.0088745486743362,FALSE
16.422,0.00881540502217177,FALSE
16.4565,0.00875653238809325,FALSE
16.491,0.00869793061239079,FALSE
16.5255,0.00863959952503377,FALSE
16.56,0.00858153894574937,FALSE
16.5945,0.0085237486841014,FALSE
16.629,0.00846622853956922,FALSE
16.6635,0.00840897830162696,FALSE
16.698,0.00835199774982274,FALSE
16.7325,0.00829528665385827,FALSE
16.767,0.0082388447736684,FALSE
16.8015,0.00818267185950092,FALSE
16.836,0.00812676765199649,FALSE
16.8705,0.00807113188226862,FALSE
16.905,0.00801576427198389,FALSE
16.9395,0.00796066453344223,FALSE
16.974,0.00790583236965726,FALSE
17.0085,0.00785126747443678,FALSE
17.043,0.0077969695324634,FALSE
17.0775,0.0077429382193751,FALSE
17.112,0.00768917320184603,FALSE
17.1465,0.00763567413766729,FALSE
17.181,0.00758244067582781,FALSE
17.2155,0.00752947245659525,FALSE
17.25,0.00747676911159696,FALSE
17.2845,0.00742433026390099,FALSE
17.319,0.00737215552809717,FALSE
17.3535,0.00732024451037812,FALSE
17.388,0.00726859680862035,FALSE
17.4225,0.00721721201246537,FALSE
17.457,0.0071660897034008,FALSE
17.4915,0.00711522945484142,FALSE
17.526,0.00706463083221035,FALSE
17.5605,0.00701429339302004,FALSE
17.595,0.00696421668695338,FALSE
17.6295,0.00691440025594468,FALSE
17.664,0.00686484363426073,FALSE
17.6985,0.0068155463485817,FALSE
17.733,0.00676650791808205,FALSE
17.7675,0.0067177278545114,FALSE
17.802,0.00666920566227528,FALSE
17.8365,0.00662094083851587,FALSE
17.871,0.00657293287319267,FALSE
17.9055,0.00652518124916302,FALSE
17.94,0.00647768544226262,FALSE
17.9745,0.0064304449213859,FALSE
18.009,0.00638345914856628,FALSE
18.0435,0.00633672757905644,FALSE
18.078,0.00629024966140829,FALSE
18.1125,0.00624402483755301,FALSE
18.147,0.00619805254288087,FALSE
18.1815,0.00615233220632088,FALSE
18.216,0.00610686325042045,FALSE
18.2505,0.00606164509142476,FALSE
18.285,0.00601667713935612,FALSE
18.3195,0.00597195879809301,FALSE
18.354,0.00592748946544918,FALSE
18.3885,0.00588326853325236,FALSE
18.423,0.00583929538742301,FALSE
18.4575,0.00579556940805274,FALSE
18.492,0.00575208996948264,FALSE
18.5265,0.00570885644038143,FALSE
18.561,0.00566586818382329,FALSE
18.5955,0.00562312455736575,FALSE
18.63,0.00558062491312712,FALSE
18.6645,0.00553836859786387,FALSE
18.699,0.00549635495304775,FALSE
18.7335,0.00545458331494271,FALSE
18.768,0.00541305301468161,FALSE
18.8025,0.00537176337834268,FALSE
18.837,0.00533071372702578,FALSE
18.8715,0.0052899033769284,FALSE
18.906,0.00524933163942146,FALSE
18.9405,0.00520899782112481,FALSE
18.975,0.00516890122398257,FALSE
19.0095,0.00512904114533816,FALSE
19.044,0.00508941687800904,FALSE
19.0785,0.0050500277103613,FALSE
19.113,0.00501087292638387,FALSE
19.1475,0.00497195180576254,FALSE
19.182,0.0049332636239537,FALSE
19.2165,0.00489480765225776,FALSE
19.251,0.00485658315789233,FALSE
19.2855,0.00481858940406511,FALSE
19.32,0.00478082565004644,FALSE
19.3545,0.0047432911512417,FALSE
19.389,0.00470598515926322,FALSE
19.4235,0.00466890692200204,FALSE
19.458,0.00463205568369933,FALSE
19.4925,0.00459543068501744,FALSE
19.527,0.00455903116311073,FALSE
19.5615,0.00452285635169605,FALSE
19.596,0.00448690548112287,FALSE
19.6305,0.00445117777844315,FALSE
19.665,0.0044156724674808,FALSE
19.6995,0.00438038876890098,FALSE
19.734,0.00434532590027882,FALSE
19.7685,0.00431048307616807,FALSE
19.803,0.0042758595081692,FALSE
19.8375,0.00424145440499729,FALSE
19.872,0.00420726697254953,FALSE
19.9065,0.00417329641397238,FALSE
19.941,0.00413954192972839,FALSE
19.9755,0.00410600271766264,FALSE
20,0.00408231529374211,TRUE
20.01,0.00407267797306889,TRUE
20.0445,0.00403956688875529,TRUE
20.079,0.00400666865510979,TRUE
20.1135,0.00397398246016517,TRUE
20.148,0.00394150748966372,TRUE
20.1825,0.00390924292712151,TRUE
20.217,0.00387718795389235,TRUE
20.2515,0.00384534174923134,TRUE
20.286,0.00381370349035803,TRUE
20.3205,0.00378227235251929,TRUE
20.355,0.00375104750905169,TRUE
20.3895,0.00372002813144356,TRUE
20.424,0.00368921338939666,TRUE
20.4585,0.00365860245088749,TRUE
20.493,0.00362819448222815,TRUE
20.5275,0.00359798864812688,TRUE
20.562,0.00356798411174817,TRUE
20.5965,0.00353818003477247,TRUE
20.631,0.00350857557745554,TRUE
20.6655,0.00347916989868738,TRUE
20.7,0.00344996215605081,TRUE
20.7345,0.00342095150587954,TRUE
20.769,0.00339213710331598,TRUE
20.8035,0.00336351810236854,TRUE
20.838,0.00333509365596857,TRUE
20.8725,0.00330686291602692,TRUE
20.907,0.00327882503349005,TRUE
20.9415,0.00325097915839574,TRUE
20.976,0.0032233244399284,TRUE
21.0105,0.00319586002647401,TRUE
21.045,0.00316858506567454,TRUE
21.0795,0.00314149870448213,TRUE
21.114,0.00311460008921264,TRUE
21.1485,0.003087888365599,TRUE
21.183,0.00306136267884398,TRUE
21.2175,0.00303502217367266,TRUE
21.252,0.00300886599438441,TRUE
21.2865,0.00298289328490448,TRUE
21.321,0.00295710318883517,TRUE
21.3555,0.00293149484950659,TRUE
21.39,0.00290606741002699,TRUE
21.4245,0.00288082001333265,TRUE
21.459,0.00285575180223741,TRUE
21.4935,0.00283086191948172,TRUE
21.528,0.00280614950778127,TRUE
21.5625,0.00278161370987526,TRUE
21.597,0.00275725366857417,TRUE
21.6315,0.00273306852680713,TRUE
21.666,0.00270905742766895,TRUE
21.7005,0.00268521951446657,TRUE
21.735,0.00266155393076522,TRUE
21.7695,0.00263805982043409,TRUE
21.804,0.00261473632769163,TRUE
21.8385,0.00259158259715034,TRUE
21.873,0.00256859777386124,TRUE
21.9075,0.0025457810033578,TRUE
21.942,0.00252313143169958,TRUE
21.9765,0.00250064820551535,TRUE
22.011,0.00247833047204577,TRUE
22.0455,0.00245617737918578,TRUE
22.08,0.00243418807552641,TRUE
22.1145,0.00241236171039622,TRUE
22.149,0.0023906974339024,TRUE
22.1835,0.00236919439697135,TRUE
22.218,0.00234785175138882,TRUE
22.2525,0.00232666864983977,TRUE
22.287,0.00230564424594763,TRUE
22.3215,0.00228477769431327,TRUE
22.356,0.0022640681505535,TRUE
22.3905,0.00224351477133916,TRUE
22.425,0.00222311671443276,TRUE
22.4595,0.00220287313872578,TRUE
22.494,0.00218278320427544,TRUE
22.5285,0.00216284607234116,TRUE
22.563,0.00214306090542057,TRUE
22.5975,0.00212342686728503,TRUE
22.632,0.00210394312301489,TRUE
22.6665,0.00208460883903415,TRUE
22.701,0.00206542318314488,TRUE
22.7355,0.00204638532456111,TRUE
22.77,0.00202749443394239,TRUE
22.8045,0.00200874968342682,TRUE
22.839,0.00199015024666387,TRUE
22.8735,0.00197169529884656,TRUE
22.908,0.00195338401674344,TRUE
22.9425,0.00193521557873,TRUE
22.977,0.00191718916481978,TRUE
23.0115,0.00189930395669505,TRUE
23.046,0.00188155913773707,TRUE
23.0805,0.00186395389305596,TRUE
23.115,0.00184648740952017,TRUE
23.1495,0.00182915887578554,TRUE
23.184,0.00181196748232403,TRUE
23.2185,0.00179491242145191,TRUE
23.253,0.00177799288735772,TRUE
23.2875,0.0017612080761297,TRUE
23.322,0.00174455718578296,TRUE
23.3565,0.00172803941628611,TRUE
23.391,0.00171165396958764,TRUE
23.4255,0.00169540004964183,TRUE
23.46,0.00167927686243426,TRUE
23.4945,0.00166328361600704,TRUE
23.529,0.00164741952048355,TRUE
23.5635,0.00163168378809281,TRUE
23.598,0.00161607563319355,TRUE
23.6325,0.00160059427229782,TRUE
23.667,0.00158523892409425,TRUE
23.7015,0.00157000880947096,TRUE
23.736,0.00155490315153801,TRUE
23.7705,0.00153992117564965,TRUE
23.805,0.00152506210942596,TRUE
23.8395,0.0015103251827744,TRUE
23.874,0.00149570962791071,TRUE
23.9085,0.00148121467937966,TRUE
23.943,0.00146683957407535,TRUE
23.9775,0.00145258355126115,TRUE
24.012,0.00143844585258928,TRUE
24.0465,0.00142442572212007,TRUE
24.081,0.0014105224063408,TRUE
24.1155,0.00139673515418426,TRUE
24.15,0.00138306321704689,TRUE
24.1845,0.00136950584880664,TRUE
24.219,0.00135606230584037,TRUE
24.2535,0.00134273184704106,TRUE
24.288,0.00132951373383456,TRUE
24.3225,0.00131640723019603,TRUE
24.357,0.00130341160266601,TRUE
24.3915,0.00129052612036625,TRUE
24.426,0.00127775005501508,TRUE
24.4605,0.00126508268094254,TRUE
24.495,0.0012525232751051,TRUE
24.5295,0.00124007111710015,TRUE
24.564,0.00122772548918001,TRUE
24.5985,0.00121548567626584,TRUE
24.633,0.00120335096596096,TRUE
24.6675,0.00119132064856405,TRUE
24.702,0.00117939401708197,TRUE
24.7365,0.00116757036724223,TRUE
24.771,0.00115584899750517,TRUE
24.8055,0.00114422920907583,TRUE
24.84,0.0011327103059155,TRUE
24.8745,0.00112129159475299,TRUE
24.909,0.00110997238509554,TRUE
24.9435,0.00109875198923948,TRUE
24.978,0.00108762972228051,TRUE
25.0125,0.00107660490212382,TRUE
25.047,0.00106567684949374,TRUE
25.0815,0.00105484488794323,TRUE
25.116,0.001044108343863,TRUE
25.1505,0.00103346654649038,TRUE
25.185,0.00102291882791785,TRUE
25.2195,0.00101246452310139,TRUE
25.254,0.00100210296986837,TRUE
25.2885,0.000991833508925352,TRUE
25.323,0.000981655483865462,TRUE
25.3575,0.000971568241175579,TRUE
25.392,0.000961571130243179,TRUE
25.4265,0.000951663503362955,TRUE
25.461,0.000941844715743153,TRUE
25.4955,0.000932114125511615,TRUE
25.53,0.000922471093721601,TRUE
25.5645,0.000912914984357291,TRUE
25.599,0.000903445164339069,TRUE
25.6335,0.000894061003528542,TRUE
25.668,0.000884761874733263,TRUE
25.7025,0.000875547153711263,TRUE
25.737,0.000866416219175258,TRUE
25.7715,0.000857368452796662,TRUE
25.806,0.000848403239209331,TRUE
25.8405,0.000839519966013046,TRUE
25.875,0.000830718023776784,TRUE
25.9095,0.000821996806041715,TRUE
25.944,0.000813355709323974,TRUE
25.9785,0.000804794133117216,TRUE
26.013,0.000796311479894883,TRUE
26.0475,0.000787907155112305,TRUE
26.082,0.000779580567208512,TRUE
26.1165,0.00077133112760785,TRUE
26.151,0.000763158250721377,TRUE
26.1855,0.000755061353947998,TRUE
26.22,0.000747039857675434,TRUE
26.2545,0.000739093185280906,TRUE
26.289,0.000731220763131674,TRUE
26.3235,0.000723422020585296,TRUE
26.358,0.000715696389989716,TRUE
26.3925,0.000708043306683139,TRUE
26.427,0.000700462208993668,TRUE
26.4615,0.00069295253823878,TRUE
26.496,0.000685513738724559,TRUE
26.5305,0.000678145257744746,TRUE
26.565,0.000670846545579608,TRUE
26.5995,0.000663617055494559,TRUE
26.634,0.000656456243738654,TRUE
26.6685,0.000649363569542828,TRUE
26.703,0.000642338495117987,TRUE
26.7375,0.000635380485652903,TRUE
26.772,0.000628489009311899,TRUE
26.8065,0.000621663537232396,TRUE
26.841,0.000614903543522226,TRUE
26.8755,0.000608208505256809,TRUE
26.91,0.000601577902476143,TRUE
26.9445,0.000595011218181595,TRUE
26.979,0.000588507938332557,TRUE
27.0135,0.000582067551842902,TRUE
27.048,0.000575689550577285,TRUE
27.0825,0.000569373429347286,TRUE
27.117,0.000563118685907365,TRUE
27.1515,0.000556924820950686,TRUE
27.186,0.000550791338104748,TRUE
27.2205,0.000544717743926897,TRUE
27.255,0.000538703547899646,TRUE
27.2895,0.000532748262425859,TRUE
27.324,0.0005268514028238,TRUE
27.3585,0.000521012487321991,TRUE
27.393,0.000515231037053973,TRUE
27.4275,0.000509506576052876,TRUE
27.462,0.000503838631245877,TRUE
27.4965,0.000498226732448517,TRUE
27.531,0.00049267041235885,TRUE
27.5655,0.000487169206551497,TRUE
27.6,0.000481722653471524,TRUE
27.6345,0.000476330294428222,TRUE
27.669,0.000470991673588737,TRUE
27.7035,0.000465706337971573,TRUE
27.738,0.000460473837439979,TRUE
27.7725,0.000455293724695193,TRUE
27.807,0.000450165555269583,TRUE
27.8415,0.000445088887519661,TRUE
27.876,0.00044006328261896,TRUE
27.9105,0.00043508830455083,TRUE
27.945,0.000430163520101085,TRUE
27.9795,0.000425288498850554,TRUE
28.014,0.000420462813167523,TRUE
28.0485,0.000415686038200051,TRUE
28.083,0.000410957751868208,TRUE
28.1175,0.000406277534856168,TRUE
28.152,0.000401644970604243,TRUE
28.1865,0.000397059645300774,TRUE
28.221,0.000392521147873944,TRUE
28.2555,0.000388029069983504,TRUE
28.29,0.000383583006012365,TRUE
28.3245,0.000379182553058141,TRUE
28.359,0.000374827310924559,TRUE
28.3935,0.000370516882112803,TRUE
28.428,0.000366250871812771,TRUE
28.4625,0.000362028887894216,TRUE
28.497,0.000357850540897842,TRUE
28.5315,0.000353715444026277,TRUE
28.566,0.000349623213134992,TRUE
28.6005,0.000345573466723131,TRUE
28.635,0.000341565825924252,TRUE
28.6695,0.000337599914497006,TRUE
28.704,0.000333675358815734,TRUE
28.7385,0.000329791787860984,TRUE
28.773,0.000325948833209976,TRUE
28.8075,0.000322146129026963,TRUE
28.842,0.000318383312053566,TRUE
28.8765,0.000314660021598996,TRUE
28.911,0.000310975899530254,TRUE
28.9455,0.000307330590262231,TRUE
28.98,0.000303723740747766,TRUE
29.0145,0.000300155000467644,TRUE
29.049,0.000296624021420516,TRUE
29.0835,0.000293130458112788,TRUE
29.118,0.000289673967548428,TRUE
29.1525,0.000286254209218735,TRUE
29.187,0.000282870845092052,TRUE
29.2215,0.000279523539603419,TRUE
29.256,0.000276211959644188,TRUE
29.2905,0.000272935774551577,TRUE
29.325,0.000269694656098185,TRUE
29.3595,0.000266488278481464,TRUE
29.394,0.000263316318313129,TRUE
29.4285,0.000260178454608551,TRUE
29.463,0.000257074368776084,TRUE
29.4975,0.000254003744606364,TRUE
29.532,0.000250966268261576,TRUE
29.5665,0.000247961628264662,TRUE
29.601,0.000244989515488514,TRUE
29.6355,0.000242049623145123,TRUE
29.67,0.000239141646774688,TRUE
29.7045,0.000236265284234716,TRUE
29.739,0.000233420235689055,TRUE
29.7735,0.000230606203596935,TRUE
29.808,0.00022782289270195,TRUE
29.8425,0.00022507001002104,TRUE
29.877,0.000222347264833419,TRUE
29.9115,0.000219654368669503,TRUE
29.946,0.0002169910352998,TRUE
29.9805,0.000214356980723785,TRUE
30.015,0.000211751923158748,TRUE
30.0495,0.000209175583028631,TRUE
30.084,0.000206627682952835,TRUE
30.1185,0.000204107947735021,TRUE
30.153,0.000201616104351886,TRUE
30.1875,0.00019915188194193,TRUE
30.222,0.000196715011794205,TRUE
30.2565,0.000194305227337052,TRUE
30.291,0.00019192226412683,TRUE
30.3255,0.000189565859836625,TRUE
30.36,0.000187235754244966,TRUE
30.3945,0.000184931689224508,TRUE
30.429,0.000182653408730732,TRUE
30.4635,0.000180400658790629,TRUE
30.498,0.000178173187491367,TRUE
30.5325,0.000175970744968977,TRUE
30.567,0.000173793083397014,TRUE
30.6015,0.000171639956975227,TRUE
30.636,0.000169511121918228,TRUE
30.6705,0.000167406336444152,TRUE
30.705,0.000165325360763331,TRUE
30.7395,0.000163267957066952,TRUE
30.774,0.000161233889515735,TRUE
30.8085,0.000159222924228602,TRUE
30.843,0.000157234829271355,TRUE
30.8775,0.000155269374645361,TRUE
30.912,0.000153326332276237,TRUE
30.9465,0.000151405476002549,TRUE
30.981,0.000149506581564512,TRUE
31.0155,0.000147629426592702,TRUE
31.05,0.000145773790596781,TRUE
31.0845,0.000143939454954222,TRUE
31.119,0.00014212620289906,TRUE
31.1535,0.000140333819510636,TRUE
31.188,0.000138562091702373,TRUE
31.2225,0.000136810808210553,TRUE
31.257,0.000135079759583106,TRUE
31.2915,0.000133368738168433,TRUE
31.326,0.000131677538104218,TRUE
31.3605,0.000130005955306276,TRUE
31.395,0.000128353787457411,TRUE
31.4295,0.000126720833996294,TRUE
31.464,0.000125106896106357,TRUE
31.4985,0.000123511776704707,TRUE
31.533,0.000121935280431064,TRUE
31.5675,0.000120377213636713,TRUE
31.602,0.000118837384373481,TRUE
31.6365,0.00011731560238274,TRUE
31.671,0.000115811679084421,TRUE
31.7055,0.000114325427566066,TRUE
31.74,0.000112856662571893,TRUE
31.7745,0.000111405200491886,TRUE
31.809,0.00010997085935092,TRUE
31.8435,0.000108553458797898,TRUE
31.878,0.000107152820094926,TRUE
31.9125,0.000105768766106504,TRUE
31.947,0.000104401121288755,TRUE
31.9815,0.000103049711678678,TRUE
32.016,0.000101714364883422,TRUE
32.0505,0.000100394910069602,TRUE
32.085,9.9091177952635e-05,TRUE
32.1195,9.78030007861087e-05,TRUE
32.154,9.65302123511831e-05,TRUE
32.1885,9.5272647946019e-05,TRUE
32.223,9.40301443752419e-05,TRUE
32.2575,9.28025399394344e-05,TRUE
32.292,9.15896744246633e-05,TRUE
32.3265,9.0391389092041e-05,TRUE
32.361,8.9207526667314e-05,TRUE
32.3955,8.80379313304946e-05,TRUE
32.43,8.68824487055167e-05,TRUE
32.4645,8.57409258499356e-05,TRUE
32.499,8.4613211244655e-05,TRUE
32.5335,8.34991547836939e-05,TRUE
32.568,8.23986077639905e-05,TRUE
32.6025,8.1311422875236e-05,TRUE
32.637,8.02374541897534e-05,TRUE
32.6715,7.91765571524051e-05,TRUE
32.706,7.8128588570544e-05,TRUE
32.7405,7.70934066039999e-05,TRUE
32.775,7.60708707551025e-05,TRUE
32.8095,7.50608418587459e-05,TRUE
32.844,7.40631820724885e-05,TRUE
32.8785,7.30777548666938e-05,TRUE
32.913,7.21044250147116e-05,TRUE
32.9475,7.11430585830941e-05,TRUE
32.982,7.01935229218592e-05,TRUE
33.0165,6.9255686654786e-05,TRUE
33.051,6.83294196697559e-05,TRUE
33.0855,6.74145931091353e-05,TRUE
33.12,6.65110793601926e-05,TRUE
33.1545,6.56187520455658e-05,TRUE
33.189,6.47374860137625e-05,TRUE
33.2235,6.3867157329708e-05,TRUE
33.258,6.30076432653333e-05,TRUE
33.2925,6.21588222902034e-05,TRUE
33.327,6.13205740621922e-05,TRUE
33.3615,6.04927794181945e-05,TRUE
33.396,5.96753203648869e-05,TRUE
33.4305,5.88680800695262e-05,TRUE
33.465,5.80709428507943e-05,TRUE
33.4995,5.72837941696865e-05,TRUE
33.534,5.65065206204408e-05,TRUE
33.5685,5.57390099215141e-05,TRUE
33.603,5.49811509065996e-05,TRUE
33.6375,5.42328335156898e-05,TRUE
33.672,5.34939487861842e-05,TRUE
33.7065,5.27643888440388e-05,TRUE
33.741,5.20440468949636e-05,TRUE
33.7755,5.13328172156613e-05,TRUE
33.81,5.06305951451127e-05,TRUE
33.8445,4.99372770759079e-05,TRUE
33.879,4.92527604456187e-05,TRUE
33.9135,4.8576943728221e-05,TRUE
33.948,4.79097264255581e-05,TRUE
33.9825,4.72510090588514e-05,TRUE
34.017,4.66006931602575e-05,TRUE
34.0515,4.59586812644671e-05,TRUE
34.086,4.53248769003541e-05,TRUE
34.1205,4.4699184582666e-05,TRUE
34.155,4.40815098037625e-05,TRUE
34.1895,4.34717590254002e-05,TRUE
34.224,4.28698396705605e-05,TRUE
34.2585,4.22756601153265e-05,TRUE
34.293,4.16891296808027e-05,TRUE
34.3275,4.11101586250836e-05,TRUE
34.362,4.05386581352661e-05,TRUE
34.3965,3.99745403195082e-05,TRUE
34.431,3.94177181991358e-05,TRUE
34.4655,3.88681057007918e-05,TRUE
34.5,3.83256176486354e-05,TRUE
34.5345,3.77901697565838e-05,TRUE
34.569,3.72616786206023e-05,TRUE
34.6035,3.67400617110406e-05,TRUE
34.638,3.62252373650127e-05,TRUE
34.6725,3.57171247788265e-05,TRUE
34.707,3.5215644000456e-05,TRUE
34.7415,3.47207159220616e-05,TRUE
34.776,3.42322622725568e-05,TRUE
34.8105,3.37502056102186e-05,TRUE
34.845,3.32744693153466e-05,TRUE
34.8795,3.28049775829658e-05,TRUE
34.914,3.23416554155768e-05,TRUE
34.9485,3.18844286159516e-05,TRUE
34.983,3.14332237799745e-05,TRUE
35.0175,3.09879682895295e-05,TRUE
35.052,3.05485903054334e-05,TRUE
35.0865,3.01150187604138e-05,TRUE
35.121,2.96871833521344e-05,TRUE
35.1555,2.92650145362634e-05,TRUE
35.19,2.88484435195901e-05,TRUE
35.2245,2.84374022531845e-05,TRUE
35.259,2.80318234256041e-05,TRUE
35.2935,2.76316404561448e-05,TRUE
35.328,2.7236787488137e-05,TRUE
35.3625,2.68471993822888e-05,TRUE
35.397,2.64628117100702e-05,TRUE
35.4315,2.60835607471471e-05,TRUE
35.466,2.57093834668558e-05,TRUE
35.5005,2.53402175337251e-05,TRUE
35.535,2.4976001297042e-05,TRUE
35.5695,2.46166737844618e-05,TRUE
35.604,2.42621746956634e-05,TRUE
35.6385,2.39124443960472e-05,TRUE
35.673,2.35674239104797e-05,TRUE
35.7075,2.32270549170809e-05,TRUE
35.742,2.28912797410543e-05,TRUE
35.7765,2.25600413485643e-05,TRUE
35.811,2.22332833406533e-05,TRUE
35.8455,2.19109499472056e-05,TRUE
35.88,2.15929860209536e-05,TRUE
35.9145,2.12793370315266e-05,TRUE
35.949,2.09699490595446e-05,TRUE
35.9835,2.06647687907531e-05,TRUE
36.018,2.03637435102036e-05,TRUE
36.0525,2.00668210964737e-05,TRUE
36.087,1.97739500159326e-05,TRUE
36.1215,1.94850793170483e-05,TRUE
36.156,1.9200158624736e-05,TRUE
36.1905,1.89191381347511e-05,TRUE
36.225,1.86419686081222e-05,TRUE
36.2595,1.83686013656271e-05,TRUE
36.294,1.80989882823107e-05,TRUE
36.3285,1.78330817820443e-05,TRUE
36.363,1.75708348321262e-05,TRUE
36.3975,1.73122009379239e-05,TRUE
36.432,1.70571341375579e-05,TRUE
36.4665,1.68055889966257e-05,TRUE
36.501,1.65575206029672e-05,TRUE
36.5355,1.63128845614712e-05,TRUE
36.57,1.60716369889211e-05,TRUE
36.6045,1.58337345088825e-05,TRUE
36.639,1.55991342466305e-05,TRUE
36.6735,1.5367793824116e-05,TRUE
36.708,1.5139671354974e-05,TRUE
36.7425,1.49147254395692e-05,TRUE
36.777,1.4692915160083e-05,TRUE
36.8115,1.44742000756393e-05,TRUE
36.846,1.42585402174686e-05,TRUE
36.8805,1.40458960841124e-05,TRUE
36.915,1.38362286366654e-05,TRUE
36.9495,1.36294992940573e-05,TRUE
36.984,1.34256699283722e-05,TRUE
37.0185,1.32247028602061e-05,TRUE
37.053,1.30265608540642e-05,TRUE
37.0875,1.28312071137934e-05,TRUE
37.122,1.26386052780556e-05,TRUE
37.1565,1.24487194158353e-05,TRUE
37.191,1.22615140219873e-05,TRUE
37.2255,1.20769540128205e-05,TRUE
37.26,1.18950047217175e-05,TRUE
37.2945,1.17156318947934e-05,TRUE
37.329,1.15388016865893e-05,TRUE
37.3635,1.13644806558025e-05,TRUE
37.398,1.11926357610538e-05,TRUE
37.4325,1.10232343566899e-05,TRUE
37.467,1.08562441886219e-05,TRUE
37.5015,1.06916333901999e-05,TRUE
37.536,1.05293704781217e-05,TRUE
37.5705,1.03694243483788e-05,TRUE
37.605,1.02117642722354e-05,TRUE
37.6395,1.00563598922439e-05,TRUE
37.674,9.90318121829347e-06,TRUE
37.7085,9.75219862369472e-06,TRUE
37.743,9.60338284129752e-06,TRUE
37.7775,9.45670495964302e-06,TRUE
37.812,9.31213641915024e-06,TRUE
37.8465,9.16964900833521e-06,TRUE
37.881,9.02921486006484e-06,TRUE
37.9155,8.89080644784287e-06,TRUE
37.95,8.7543965821298e-06,TRUE
37.9845,8.6199584066954e-06,TRUE
38.019,8.48746539500353e-06,TRUE
38.0535,8.35689134663021e-06,TRUE
38.088,8.22821038371321e-06,TRUE
38.1225,8.10139694743411e-06,TRUE
38.157,7.97642579453251e-06,TRUE
38.1915,7.8532719938511e-06,TRUE
38.226,7.73191092291324e-06,TRUE
38.2605,7.61231826453091e-06,TRUE
38.295,7.4944700034444e-06,TRUE
38.3295,7.37834242299269e-06,TRUE
38.364,7.2639121018142e-06,TRUE
38.3985,7.15115591057871e-06,TRUE
38.433,7.04005100874882e-06,TRUE
38.4675,6.93057484137203e-06,TRUE
38.502,6.82270513590269e-06,TRUE
38.5365,6.71641989905319e-06,TRUE
38.571,6.61169741367532e-06,TRUE
38.6055,6.50851623567029e-06,TRUE
38.64,6.40685519092827e-06,TRUE
38.6745,6.30669337229684e-06,TRUE
38.709,6.20801013657775e-06,TRUE
38.7435,6.11078510155277e-06,TRUE
38.778,6.01499814303725e-06,TRUE
38.8125,5.92062939196239e-06,TRUE
38.847,5.8276592314849e-06,TRUE
38.8815,5.73606829412477e-06,TRUE
38.916,5.64583745893043e-06,TRUE
38.9505,5.55694784867118e-06,TRUE
38.985,5.46938082705691e-06,TRUE
39.0195,5.38311799598461e-06,TRUE
39.054,5.29814119281173e-06,TRUE
39.0885,5.21443248765623e-06,TRUE
39.123,5.13197418072258e-06,TRUE
39.1575,5.05074879965452e-06,TRUE
39.192,4.9707390969132e-06,TRUE
39.2265,4.89192804718156e-06,TRUE
39.261,4.81429884479422e-06,TRUE
39.2955,4.7378349011925e-06,TRUE
39.33,4.66251984240515e-06,TRUE
39.3645,4.58833750655356e-06,TRUE
39.399,4.51527194138227e-06,TRUE
39.4335,4.44330740181398e-06,TRUE
39.468,4.3724283475288e-06,TRUE
39.5025,4.30261944056825e-06,TRUE
39.537,4.23386554296286e-06,TRUE
39.5715,4.16615171438399e-06,TRUE
39.606,4.09946320981937e-06,TRUE
39.6405,4.03378547727194e-06,TRUE
39.675,3.96910415548233e-06,TRUE
39.7095,3.90540507167425e-06,TRUE
39.744,3.84267423932318e-06,TRUE
39.7785,3.78089785594748e-06,TRUE
39.813,3.72006230092243e-06,TRUE
39.8475,3.6601541333167e-06,TRUE
39.882,3.60116008975082e-06,TRUE
39.9165,3.54306708227808e-06,TRUE
39.951,3.48586219628705e-06,TRUE
39.9855,3.42953268842601e-06,TRUE
40.02,3.37406598454895e-06,TRUE
40.0545,3.3194496776827e-06,TRUE
40.089,3.26567152601564e-06,TRUE
40.1235,3.21271945090706e-06,TRUE
40.158,3.16058153491768e-06,TRUE
40.1925,3.10924601986063e-06,TRUE
40.227,3.05870130487309e-06,TRUE
40.2615,3.00893594450818e-06,TRUE
40.296,2.95993864684703e-06,TRUE
40.3305,2.91169827163088e-06,TRUE
40.365,2.86420382841299e-06,TRUE
40.3995,2.81744447473015e-06,TRUE
40.434,2.77140951429387e-06,TRUE
40.4685,2.72608839520055e-06,TRUE
40.503,2.68147070816127e-06,TRUE
40.5375,2.63754618475013e-06,TRUE
40.572,2.5943046956717e-06,TRUE
40.6065,2.55173624904707e-06,TRUE
40.641,2.50983098871835e-06,TRUE
40.6755,2.4685791925716e-06,TRUE
40.71,2.42797127087784e-06,TRUE
40.7445,2.38799776465216e-06,TRUE
40.779,2.34864934403075e-06,TRUE
40.8135,2.3099168066654e-06,TRUE
40.848,2.27179107613592e-06,TRUE
40.8825,2.23426320037954e-06,TRUE
40.917,2.19732435013786e-06,TRUE
40.9515,2.16096581742078e-06,TRUE
40.986,2.12517901398729e-06,TRUE
41.0205,2.08995546984319e-06,TRUE
41.055,2.0552868317552e-06,TRUE
41.0895,2.02116486178183e-06,TRUE
41.124,1.98758143582037e-06,TRUE
41.1585,1.9545285421701e-06,TRUE
41.193,1.92199828011158e-06,TRUE
41.2275,1.88998285850172e-06,TRUE
41.262,1.85847459438468e-06,TRUE
41.2965,1.82746591161835e-06,TRUE
41.331,1.79694933951614e-06,TRUE
41.3655,1.76691751150429e-06,TRUE
41.4,1.73736316379407e-06,TRUE
