"year","series","value"
2019,"Observed annual-average rate",21.1994757449776
2020,"Observed annual-average rate",19.8089479873654
2021,"Observed annual-average rate",21.7826612525666
2022,"Observed annual-average rate",31.0995377558344
2023,"Observed annual-average rate",33.137762339333
2024,"Observed annual-average rate",31.277749261786
2019,"Rate held at its 2019 average",21.1994757449776
2020,"Rate held at its 2019 average",21.9428156025905
2021,"Rate held at its 2019 average",24.6082616275752
2022,"Rate held at its 2019 average",26.4002527496364
2023,"Rate held at its 2019 average",24.0629179531481
2024,"Rate held at its 2019 average",22.9121766365305
